Age,purchase_amount,previous_purchases,review_rating,subscription,promo_used,discount_used,Cluster
55,53,14,3.1,1,1,1,2
19,64,2,3.1,1,1,1,2
50,73,23,3.1,1,1,1,2
21,90,49,3.5,1,1,1,2
45,49,31,2.7,1,1,1,2
46,20,14,2.9,1,1,1,2
63,85,49,3.2,1,1,1,2
27,34,19,3.2,1,1,1,2
26,97,8,2.6,1,1,1,2
57,31,4,4.8,1,1,1,2
53,34,26,4.1,1,1,1,2
30,68,10,4.9,1,1,1,2
61,72,37,4.5,1,1,1,2
65,51,31,4.7,1,1,1,2
64,53,34,4.7,1,1,1,2
64,81,8,2.8,1,1,1,2
25,36,44,4.1,1,1,1,2
53,38,36,4.7,1,1,1,2
52,48,17,4.6,1,1,1,2
66,90,46,3.3,1,1,1,2
21,51,50,2.8,1,1,1,2
31,62,22,4.1,1,1,1,2
56,37,32,3.2,1,1,1,2
31,88,40,4.4,1,1,1,2
18,22,16,2.9,1,1,1,2
18,25,14,3.6,1,1,1,2
38,20,13,3.6,1,1,1,2
56,56,7,5.0,1,1,1,2
54,94,41,4.4,1,1,1,2
31,48,14,4.1,1,1,1,2
57,31,16,4.7,1,1,1,2
33,79,45,4.7,1,1,1,2
36,67,37,4.9,1,1,1,2
54,38,45,3.3,1,1,1,2
36,91,38,4.6,1,1,1,2
54,33,48,4.0,1,1,1,2
35,69,44,4.6,1,1,1,2
35,45,10,2.8,1,1,1,2
29,37,44,3.7,1,1,1,2
70,60,18,4.2,1,1,1,2
69,76,31,4.6,1,1,1,2
67,39,40,4.5,1,1,1,2
20,100,15,4.1,1,1,1,2
25,69,19,3.7,1,1,1,2
39,53,45,4.6,1,1,1,2
50,21,25,2.9,1,1,1,2
57,43,45,2.9,1,1,1,2
55,54,36,4.5,1,1,1,2
42,55,38,2.7,1,1,1,2
68,30,34,4.6,1,1,1,2
49,28,39,3.7,1,1,1,2
59,59,7,4.7,1,1,1,2
42,20,26,2.6,1,1,1,2
29,24,35,3.9,1,1,1,2
47,94,35,4.2,1,1,1,2
40,28,49,3.0,1,1,1,2
41,73,46,4.7,1,1,1,2
21,64,17,4.4,1,1,1,2
69,54,29,4.2,1,1,1,2
63,79,4,4.6,1,1,1,2
50,37,17,4.0,1,1,1,2
55,68,21,4.7,1,1,1,2
30,21,31,3.8,1,1,1,2
33,79,43,2.7,1,1,1,2
65,83,18,4.8,1,1,1,2
65,36,44,4.8,1,1,1,2
31,94,3,4.7,1,1,1,2
45,33,49,4.4,1,1,1,2
57,46,21,3.9,1,1,1,2
48,70,5,4.4,1,1,1,2
22,29,32,4.2,1,1,1,2
36,48,34,2.9,1,1,1,2
18,26,21,2.9,1,1,1,2
48,85,43,2.7,1,1,1,2
49,58,3,4.5,1,1,1,2
64,85,21,2.7,1,1,1,2
50,43,32,4.2,1,1,1,2
22,53,36,3.3,1,1,1,2
50,91,50,4.7,1,1,1,2
38,96,43,2.6,1,1,1,2
19,72,24,3.3,1,1,1,2
67,96,36,2.6,1,1,1,2
19,28,21,4.0,1,1,1,2
36,40,34,4.1,1,1,1,2
52,32,42,4.4,1,1,1,2
53,95,2,4.5,1,1,1,2
24,41,47,3.7,1,1,1,2
52,53,44,3.7,1,1,1,2
33,47,35,3.5,1,1,1,2
47,83,15,3.6,1,1,1,2
25,48,29,2.9,1,1,1,2
44,99,18,4.6,1,1,1,2
61,87,13,4.4,1,1,1,2
37,62,46,4.5,1,1,1,2
58,76,28,4.6,1,1,1,2
37,100,48,3.8,1,1,1,2
32,73,43,3.6,1,1,1,2
21,92,37,4.8,1,1,1,2
20,67,20,2.6,1,1,1,2
26,40,33,3.7,1,1,1,2
62,98,31,2.7,1,1,1,2
27,85,50,4.6,1,1,1,2
51,67,35,4.8,1,1,1,2
54,89,22,4.0,1,1,1,2
55,24,1,4.4,1,1,1,2
69,96,4,3.6,1,1,1,2
64,35,31,3.7,1,1,1,2
28,67,46,3.1,1,1,1,2
70,79,32,3.4,1,1,1,2
58,85,43,2.6,1,1,1,2
56,26,26,4.0,1,1,1,2
26,75,9,5.0,1,1,1,2
37,65,28,4.3,1,1,1,2
44,54,20,3.1,1,1,1,2
70,95,9,3.7,1,1,1,2
53,94,48,3.8,1,1,1,2
55,86,12,3.4,1,1,1,2
50,32,29,4.6,1,1,1,2
50,45,27,4.8,1,1,1,2
38,76,44,4.3,1,1,1,2
64,84,32,4.0,1,1,1,2
19,72,11,4.2,1,1,1,2
40,40,44,4.8,1,1,1,2
57,89,46,3.1,1,1,1,2
44,86,50,3.1,1,1,1,2
49,54,45,3.6,1,1,1,2
43,36,48,3.9,1,1,1,2
24,89,26,4.8,1,1,1,2
20,32,21,4.7,1,1,1,2
24,67,49,4.2,1,1,1,2
44,39,13,3.7,1,1,1,2
28,29,46,3.9,1,1,1,2
30,58,42,4.7,1,1,1,2
52,65,25,2.5,1,1,1,2
43,94,25,4.9,1,1,1,2
43,81,12,4.1,1,1,1,2
39,86,4,3.3,1,1,1,2
68,43,38,4.7,1,1,1,2
68,29,42,4.4,1,1,1,2
49,95,30,3.8,1,1,1,2
63,28,50,3.9,1,1,1,2
56,46,45,4.9,1,1,1,2
37,58,33,3.1,1,1,1,2
30,48,25,2.7,1,1,1,2
19,43,25,3.2,1,1,1,2
24,95,44,4.5,1,1,1,2
52,30,21,4.0,1,1,1,2
63,64,31,3.5,1,1,1,2
37,90,47,2.6,1,1,1,2
38,76,14,3.2,1,1,1,2
35,96,17,4.9,1,1,1,2
28,47,3,4.5,1,1,1,2
30,85,42,4.3,1,1,1,2
69,55,22,3.2,1,1,1,2
41,98,21,3.6,1,1,1,2
63,77,21,4.3,1,1,1,2
35,26,40,4.0,1,1,1,2
36,68,1,3.0,1,1,1,2
25,73,50,4.1,1,1,1,2
58,27,39,3.8,1,1,1,2
27,23,34,4.6,1,1,1,2
65,49,29,3.0,1,1,1,2
54,74,31,3.0,1,1,1,2
54,67,8,3.4,1,1,1,2
59,65,5,2.6,1,1,1,2
42,60,7,2.8,1,1,1,2
46,31,30,4.0,1,1,1,2
33,27,14,4.0,1,1,1,2
34,80,5,3.0,1,1,1,2
27,30,3,3.3,1,1,1,2
52,25,46,2.6,1,1,1,2
29,35,4,3.6,1,1,1,2
54,67,42,3.9,1,1,1,2
25,46,30,3.4,1,1,1,2
41,35,37,3.5,1,1,1,2
53,86,2,2.8,1,1,1,2
53,81,30,2.7,1,1,1,2
21,42,47,3.7,1,1,1,2
61,43,21,4.3,1,1,1,2
64,31,9,4.9,1,1,1,2
51,81,12,3.3,1,1,1,2
32,61,4,4.7,1,1,1,2
38,96,10,2.8,1,1,1,2
58,29,26,3.6,1,1,1,2
32,33,40,3.0,1,1,1,2
46,32,34,4.5,1,1,1,2
39,56,31,2.9,1,1,1,2
19,94,1,3.3,1,1,1,2
50,53,5,3.1,1,1,1,2
36,82,4,4.4,1,1,1,2
65,70,48,3.0,1,1,1,2
64,76,29,3.9,1,1,1,2
46,29,12,2.9,1,1,1,2
36,100,29,3.0,1,1,1,2
51,94,15,3.1,1,1,1,2
51,25,34,4.3,1,1,1,2
38,88,41,3.9,1,1,1,2
59,78,41,3.2,1,1,1,2
57,45,39,4.8,1,1,1,2
54,73,32,3.8,1,1,1,2
25,61,29,3.3,1,1,1,2
69,22,15,4.3,1,1,1,2
57,38,33,2.7,1,1,1,2
70,38,18,3.2,1,1,1,2
24,100,35,4.0,1,1,1,2
67,64,25,3.0,1,1,1,2
24,55,6,4.2,1,1,1,2
62,91,17,2.9,1,1,1,2
57,38,17,4.1,1,1,1,2
55,97,44,3.2,1,1,1,2
45,22,6,3.0,1,1,1,2
69,92,45,4.2,1,1,1,2
67,84,7,4.2,1,1,1,2
30,93,11,4.4,1,1,1,2
24,50,41,4.2,1,1,1,2
62,64,24,2.8,1,1,1,2
43,61,21,3.7,1,1,1,2
35,48,24,3.5,1,1,1,2
28,45,8,2.9,1,1,1,2
32,88,12,3.0,1,1,1,2
39,57,48,3.7,1,1,1,2
28,68,6,4.4,1,1,1,2
47,94,14,4.5,1,1,1,2
20,41,34,4.8,1,1,1,2
63,83,12,2.9,1,1,1,2
25,22,11,3.2,1,1,1,2
29,74,5,3.3,1,1,1,2
50,90,25,4.2,1,1,1,2
18,79,11,2.9,1,1,1,2
70,28,27,4.6,1,1,1,2
66,88,43,4.1,1,1,1,2
28,26,18,3.1,1,1,1,2
54,27,32,4.2,1,1,1,2
19,83,27,4.5,1,1,1,2
20,39,24,3.7,1,1,1,2
43,89,31,3.7,1,1,1,2
38,68,39,3.4,1,1,1,2
50,90,36,3.0,1,1,1,2
64,34,5,4.2,1,1,1,2
49,51,47,2.9,1,1,1,2
47,45,29,3.5,1,1,1,2
36,88,43,4.1,1,1,1,2
55,85,40,4.3,1,1,1,2
25,100,4,2.8,1,1,1,2
53,42,39,4.9,1,1,1,2
49,53,45,3.3,1,1,1,2
35,86,20,3.2,1,1,1,2
29,66,14,4.4,1,1,1,2
47,100,33,4.8,1,1,1,2
53,47,18,4.2,1,1,1,2
33,25,9,4.0,1,1,1,2
21,51,34,2.5,1,1,1,2
32,41,33,3.9,1,1,1,2
52,73,15,4.9,1,1,1,2
67,42,4,3.5,1,1,1,2
43,20,25,4.2,1,1,1,2
58,30,20,4.7,1,1,1,2
20,53,5,4.5,1,1,1,2
61,74,16,2.8,1,1,1,2
32,57,13,2.9,1,1,1,2
38,57,11,3.2,1,1,1,2
21,77,21,4.9,1,1,1,2
37,40,6,3.7,1,1,1,2
27,46,29,4.3,1,1,1,2
36,78,15,3.9,1,1,1,2
32,59,17,3.2,1,1,1,2
51,75,32,3.1,1,1,1,2
64,54,42,3.9,1,1,1,2
68,42,21,2.6,1,1,1,2
68,44,9,3.3,1,1,1,2
33,52,16,4.6,1,1,1,2
65,69,42,4.6,1,1,1,2
48,26,37,4.4,1,1,1,2
69,33,32,4.2,1,1,1,2
59,32,28,3.0,1,1,1,2
48,85,13,4.0,1,1,1,2
25,30,11,3.5,1,1,1,2
29,29,36,3.0,1,1,1,2
57,95,23,3.7,1,1,1,2
23,69,37,4.0,1,1,1,2
45,69,21,4.2,1,1,1,2
38,61,22,2.5,1,1,1,2
21,94,9,3.0,1,1,1,2
32,30,16,3.2,1,1,1,2
63,45,4,3.5,1,1,1,2
29,39,3,4.8,1,1,1,2
27,51,6,2.6,1,1,1,2
56,37,18,3.4,1,1,1,2
30,62,34,3.7,1,1,1,2
49,85,26,4.5,1,1,1,2
58,33,50,3.7,1,1,1,2
57,26,40,3.3,1,1,1,2
60,99,24,4.7,1,1,1,2
69,39,33,2.7,1,1,1,2
70,20,19,4.6,1,1,1,2
53,42,24,2.7,1,1,1,2
25,74,19,4.8,1,1,1,2
48,26,4,4.4,1,1,1,2
69,53,11,4.0,1,1,1,2
25,80,28,3.2,1,1,1,2
29,98,24,4.4,1,1,1,2
46,95,25,3.8,1,1,1,2
37,44,27,3.6,1,1,1,2
20,60,49,3.3,1,1,1,2
40,84,45,3.4,1,1,1,2
60,59,26,3.5,1,1,1,2
26,49,4,3.6,1,1,1,2
29,32,3,3.2,1,1,1,2
66,29,45,3.7,1,1,1,2
66,22,21,4.5,1,1,1,2
56,85,50,4.6,1,1,1,2
69,52,19,4.1,1,1,1,2
38,89,6,3.4,1,1,1,2
42,77,50,3.7,1,1,1,2
30,24,17,3.3,1,1,1,2
66,24,24,4.5,1,1,1,2
36,22,46,3.3,1,1,1,2
58,82,42,4.3,1,1,1,2
45,67,10,2.5,1,1,1,2
47,74,1,2.6,1,1,1,2
66,72,28,4.9,1,1,1,2
41,36,48,4.7,1,1,1,2
41,95,47,3.0,1,1,1,2
66,78,29,3.5,1,1,1,2
37,82,37,4.8,1,1,1,2
70,70,38,4.3,1,1,1,2
62,41,48,3.2,1,1,1,2
61,42,36,3.1,1,1,1,2
48,50,9,2.8,1,1,1,2
70,31,34,2.9,1,1,1,2
46,51,43,3.7,1,1,1,2
31,98,46,3.3,1,1,1,2
19,86,5,2.8,1,1,1,2
39,64,15,4.5,1,1,1,2
41,46,30,2.6,1,1,1,2
20,85,44,3.7,1,1,1,2
36,81,16,4.4,1,1,1,2
32,59,16,4.3,1,1,1,2
69,79,16,3.5,1,1,1,2
40,33,21,3.8,1,1,1,2
40,47,39,3.5,1,1,1,2
20,20,40,4.6,1,1,1,2
64,36,48,2.6,1,1,1,2
27,39,26,4.4,1,1,1,2
24,71,46,4.0,1,1,1,2
48,59,27,4.4,1,1,1,2
49,50,5,4.7,1,1,1,2
36,41,43,3.9,1,1,1,2
56,59,17,2.7,1,1,1,2
37,87,3,3.7,1,1,1,2
42,68,47,2.6,1,1,1,2
28,90,24,3.9,1,1,1,2
27,71,12,4.9,1,1,1,2
63,64,35,4.1,1,1,1,2
58,76,42,3.0,1,1,1,2
37,42,1,4.1,1,1,1,2
56,80,27,3.8,1,1,1,2
18,56,16,4.0,1,1,1,2
48,25,36,3.6,1,1,1,2
31,74,30,3.0,1,1,1,2
51,30,18,3.0,1,1,1,2
65,96,45,2.6,1,1,1,2
53,64,1,3.4,1,1,1,2
55,88,42,3.1,1,1,1,2
62,88,7,3.0,1,1,1,2
55,88,50,3.7,1,1,1,2
64,36,37,3.5,1,1,1,2
52,40,18,2.8,1,1,1,2
24,39,29,4.5,1,1,1,2
38,40,45,3.3,1,1,1,2
59,34,13,3.4,1,1,1,2
27,83,47,3.2,1,1,1,2
24,85,7,3.7,1,1,1,2
23,27,11,4.6,1,1,1,2
69,78,39,5.0,1,1,1,2
59,32,6,4.4,1,1,1,2
51,51,2,4.9,1,1,1,2
63,32,39,4.1,1,1,1,2
54,62,23,4.9,1,1,1,2
32,29,46,4.7,1,1,1,2
39,69,19,3.0,1,1,1,2
66,25,3,3.4,1,1,1,2
28,76,47,3.2,1,1,1,2
50,77,6,2.9,1,1,1,2
70,33,6,4.5,1,1,1,2
67,93,12,2.7,1,1,1,2
64,39,40,3.4,1,1,1,2
45,93,38,4.6,1,1,1,2
22,82,10,2.7,1,1,1,2
27,42,28,4.2,1,1,1,2
25,71,19,3.2,1,1,1,2
37,86,25,4.8,1,1,1,2
26,82,38,3.3,1,1,1,2
33,65,6,4.2,1,1,1,2
43,29,7,4.8,1,1,1,2
37,65,2,4.9,1,1,1,2
46,88,24,3.9,1,1,1,2
22,46,26,3.0,1,1,1,2
20,67,25,4.6,1,1,1,2
60,35,10,3.5,1,1,1,2
39,66,14,4.8,1,1,1,2
43,91,21,4.8,1,1,1,2
31,78,26,3.0,1,1,1,2
19,45,12,4.5,1,1,1,2
35,93,11,4.8,1,1,1,2
41,74,15,3.8,1,1,1,2
52,55,13,4.6,1,1,1,2
45,76,5,3.1,1,1,1,2
34,66,36,3.4,1,1,1,2
35,51,32,3.3,1,1,1,2
29,26,1,4.8,1,1,1,2
59,29,15,2.8,1,1,1,2
24,74,3,3.1,1,1,1,2
70,99,48,4.6,1,1,1,2
29,88,30,2.6,1,1,1,2
67,31,40,2.6,1,1,1,2
36,55,24,3.8,1,1,1,2
23,81,48,4.5,1,1,1,2
18,73,27,3.0,1,1,1,2
53,91,14,3.5,1,1,1,2
32,54,18,3.8,1,1,1,2
38,40,48,3.5,1,1,1,2
47,59,32,3.1,1,1,1,2
46,26,21,3.0,1,1,1,2
66,23,42,4.3,1,1,1,2
40,87,4,3.3,1,1,1,2
43,71,19,4.7,1,1,1,2
58,91,6,4.5,1,1,1,2
21,64,2,2.9,1,1,1,2
42,94,21,4.1,1,1,1,2
24,40,40,3.5,1,1,1,2
43,76,33,3.4,1,1,1,2
47,86,26,3.3,1,1,1,2
49,92,23,3.2,1,1,1,2
50,52,39,4.0,1,1,1,2
51,28,42,3.6,1,1,1,2
40,46,41,4.6,1,1,1,2
45,50,41,2.6,1,1,1,2
52,23,12,4.3,1,1,1,2
62,50,31,3.4,1,1,1,2
20,89,34,3.5,1,1,1,2
43,81,32,4.2,1,1,1,2
29,69,31,3.5,1,1,1,2
22,67,24,3.6,1,1,1,2
48,20,31,4.3,1,1,1,2
42,29,18,4.9,1,1,1,2
19,74,15,4.1,1,1,1,2
60,82,7,3.6,1,1,1,2
32,23,35,3.4,1,1,1,2
26,45,35,2.9,1,1,1,2
25,21,19,2.7,1,1,1,2
66,31,26,4.3,1,1,1,2
45,45,39,3.3,1,1,1,2
54,56,22,2.8,1,1,1,2
37,97,14,3.2,1,1,1,2
54,100,50,3.6,1,1,1,2
50,96,33,4.0,1,1,1,2
25,99,48,4.9,1,1,1,2
47,91,48,4.0,1,1,1,2
63,30,27,3.8,1,1,1,2
64,65,27,3.7,1,1,1,2
18,93,20,3.9,1,1,1,2
59,81,48,3.3,1,1,1,2
37,81,29,2.7,1,1,1,2
23,52,45,4.7,1,1,1,2
54,88,25,2.8,1,1,1,2
38,24,25,4.6,1,1,1,2
19,51,37,4.5,1,1,1,2
34,38,16,5.0,1,1,1,2
21,46,30,4.1,1,1,1,2
50,63,6,4.6,1,1,1,2
55,72,36,4.9,1,1,1,2
20,39,3,3.9,1,1,1,2
34,42,29,3.9,1,1,1,2
62,76,15,2.6,1,1,1,2
21,66,18,2.7,1,1,1,2
21,90,2,3.5,1,1,1,2
42,56,49,3.7,1,1,1,2
35,43,48,3.2,1,1,1,2
39,84,43,3.3,1,1,1,2
68,88,30,4.8,1,1,1,2
46,88,10,3.2,1,1,1,2
41,42,11,2.5,1,1,1,2
23,73,12,3.9,1,1,1,2
68,73,28,4.7,1,1,1,2
48,44,36,2.6,1,1,1,2
38,63,37,2.8,1,1,1,2
41,68,22,4.4,1,1,1,2
58,29,32,4.6,1,1,1,2
49,85,40,3.2,1,1,1,2
57,42,47,4.2,1,1,1,2
49,69,24,3.7,1,1,1,2
50,62,11,3.9,1,1,1,2
28,48,19,4.7,1,1,1,2
38,68,42,4.5,1,1,1,2
33,36,6,3.3,1,1,1,2
30,63,31,3.3,1,1,1,2
43,39,31,4.6,1,1,1,2
43,78,27,3.6,1,1,1,2
36,99,24,4.8,1,1,1,2
36,31,35,4.8,1,1,1,2
64,45,21,2.9,1,1,1,2
59,30,8,2.8,1,1,1,2
55,24,26,3.2,1,1,1,2
42,22,26,3.9,1,1,1,2
61,63,9,4.3,1,1,1,2
28,40,48,2.7,1,1,1,2
65,20,33,5.0,1,1,1,2
27,20,31,3.7,1,1,1,2
41,80,17,3.9,1,1,1,2
21,87,22,3.9,1,1,1,2
61,46,8,3.1,1,1,1,2
19,49,2,3.3,1,1,1,2
22,65,45,3.6,1,1,1,2
64,62,47,4.3,1,1,1,2
28,67,7,4.5,1,1,1,2
34,41,19,2.8,1,1,1,2
61,49,44,2.7,1,1,1,2
24,100,16,2.9,1,1,1,2
19,54,17,4.4,1,1,1,2
51,84,20,3.9,1,1,1,2
36,41,50,3.5,1,1,1,2
65,88,37,2.5,1,1,1,2
46,40,5,4.9,1,1,1,2
59,39,44,4.8,1,1,1,2
51,37,41,3.2,1,1,1,2
51,52,19,4.9,1,1,1,2
21,23,47,4.3,1,1,1,2
34,88,40,3.2,1,1,1,2
32,84,6,3.7,1,1,1,2
48,37,25,3.2,1,1,1,2
50,51,42,3.4,1,1,1,2
26,76,35,4.1,1,1,1,2
57,60,17,4.5,1,1,1,2
65,72,4,4.5,1,1,1,2
56,45,24,3.2,1,1,1,2
44,84,16,4.4,1,1,1,2
50,49,14,3.0,1,1,1,2
27,22,43,3.2,1,1,1,2
49,48,49,4.0,1,1,1,2
49,37,33,3.1,1,1,1,2
52,27,45,2.8,1,1,1,2
27,79,35,4.6,1,1,1,2
53,98,11,4.3,1,1,1,2
34,64,30,3.3,1,1,1,2
33,32,48,3.5,1,1,1,2
62,74,45,3.4,1,1,1,2
38,50,26,2.8,1,1,1,2
36,64,41,4.6,1,1,1,2
31,29,37,3.6,1,1,1,2
62,62,12,3.3,1,1,1,2
29,78,27,3.1,1,1,1,2
24,94,18,3.5,1,1,1,2
63,59,15,3.2,1,1,1,2
56,47,34,3.0,1,1,1,2
63,57,37,4.8,1,1,1,2
40,90,21,5.0,1,1,1,2
18,60,31,2.9,1,1,1,2
50,77,43,3.2,1,1,1,2
66,41,22,2.9,1,1,1,2
25,48,12,3.3,1,1,1,2
65,65,25,2.6,1,1,1,2
53,62,40,3.5,1,1,1,2
61,99,16,4.4,1,1,1,2
67,58,30,3.4,1,1,1,2
59,43,10,4.2,1,1,1,2
55,93,1,3.6,1,1,1,2
21,50,24,3.0,1,1,1,2
44,88,36,4.0,1,1,1,2
65,33,46,4.4,1,1,1,2
65,99,20,4.1,1,1,1,2
54,76,37,3.6,1,1,1,2
56,97,26,4.6,1,1,1,2
58,68,23,3.2,1,1,1,2
54,79,20,4.8,1,1,1,2
58,86,38,4.8,1,1,1,2
48,68,5,5.0,1,1,1,2
19,52,41,3.7,1,1,1,2
69,90,22,4.6,1,1,1,2
58,41,48,3.7,1,1,1,2
49,80,10,4.1,1,1,1,2
32,100,12,2.7,1,1,1,2
40,77,2,4.9,1,1,1,2
25,78,38,4.0,1,1,1,2
70,94,20,4.7,1,1,1,2
69,23,5,2.8,1,1,1,2
45,20,9,4.9,1,1,1,2
29,86,48,4.2,1,1,1,2
47,60,9,3.0,1,1,1,2
28,70,40,3.4,1,1,1,2
64,39,30,4.6,1,1,1,2
47,37,6,4.2,1,1,1,2
60,29,42,3.2,1,1,1,2
67,35,9,4.4,1,1,1,2
35,83,6,2.5,1,1,1,2
30,77,47,3.6,1,1,1,2
23,37,36,4.5,1,1,1,2
70,69,19,3.4,1,1,1,2
21,66,30,3.2,1,1,1,2
51,26,27,4.2,1,1,1,2
22,63,25,5.0,1,1,1,2
32,38,5,4.7,1,1,1,2
37,58,10,4.2,1,1,1,2
31,46,26,3.4,1,1,1,2
44,92,11,4.4,1,1,1,2
40,32,17,4.2,1,1,1,2
27,90,44,4.5,1,1,1,2
47,23,44,2.8,1,1,1,2
41,25,21,3.3,1,1,1,2
51,54,49,4.6,1,1,1,2
53,72,27,2.5,1,1,1,2
43,33,19,4.7,1,1,1,2
67,43,33,4.6,1,1,1,2
61,51,46,2.6,1,1,1,2
68,85,21,4.0,1,1,1,2
67,100,23,2.6,1,1,1,2
29,72,38,4.6,1,1,1,2
50,57,2,2.6,1,1,1,2
61,94,21,4.0,1,1,1,2
19,34,1,4.6,1,1,1,2
33,89,10,3.7,1,1,1,2
51,27,45,4.4,1,1,1,2
69,63,44,4.0,1,1,1,2
19,70,48,4.7,1,1,1,2
55,87,21,3.4,1,1,1,2
49,79,1,4.0,1,1,1,2
31,79,10,3.9,1,1,1,2
42,44,24,4.1,1,1,1,2
69,85,29,3.7,1,1,1,2
26,90,11,4.7,1,1,1,2
41,94,33,4.3,1,1,1,2
55,68,27,4.1,1,1,1,2
35,51,19,3.9,1,1,1,2
66,33,50,2.9,1,1,1,2
36,60,46,3.9,1,1,1,2
27,59,28,4.3,1,1,1,2
41,30,14,2.8,1,1,1,2
21,20,46,3.4,1,1,1,2
53,20,41,2.7,1,1,1,2
54,24,50,4.0,1,1,1,2
53,88,28,4.4,1,1,1,2
47,78,23,3.9,1,1,1,2
64,25,14,2.8,1,1,1,2
18,57,10,3.2,1,1,1,2
68,93,37,4.3,1,1,1,2
62,42,15,4.2,1,1,1,2
51,54,19,4.9,1,1,1,2
54,70,23,3.7,1,1,1,2
22,31,35,4.1,1,1,1,2
53,93,33,4.2,1,1,1,2
34,40,12,3.9,1,1,1,2
32,32,41,2.9,1,1,1,2
64,27,27,3.1,1,1,1,2
20,68,45,3.6,1,1,1,2
24,59,23,4.4,1,1,1,2
20,36,19,3.1,1,1,1,2
42,23,6,3.9,1,1,1,2
48,80,6,4.3,1,1,1,2
62,37,20,4.9,1,1,1,2
62,52,8,3.6,1,1,1,2
50,79,39,5.0,1,1,1,2
57,68,39,4.1,1,1,1,2
24,98,39,2.8,1,1,1,2
59,83,23,4.7,1,1,1,2
63,83,41,4.4,1,1,1,2
41,55,50,4.9,1,1,1,2
35,26,30,3.1,1,1,1,2
34,76,32,2.6,1,1,1,2
49,85,35,2.9,1,1,1,2
43,89,45,3.3,1,1,1,2
63,41,37,4.8,1,1,1,2
38,30,45,4.7,1,1,1,2
59,53,29,3.3,1,1,1,2
35,66,27,4.2,1,1,1,2
48,33,36,4.7,1,1,1,2
64,86,9,2.6,1,1,1,2
28,60,38,2.9,1,1,1,2
60,62,41,2.7,1,1,1,2
27,74,25,3.3,1,1,1,2
56,95,37,3.4,1,1,1,2
58,25,3,4.2,1,1,1,2
30,59,24,3.8,1,1,1,2
23,29,49,4.0,1,1,1,2
33,36,3,2.7,1,1,1,2
63,82,42,4.7,1,1,1,2
70,71,32,3.5,1,1,1,2
70,35,33,3.0,1,1,1,2
19,38,46,3.3,1,1,1,2
25,59,44,4.7,1,1,1,2
19,91,35,4.7,1,1,1,2
25,68,45,4.8,1,1,1,2
60,21,37,2.9,1,1,1,2
35,95,40,4.0,1,1,1,2
46,52,30,3.1,1,1,1,2
41,21,38,3.5,1,1,1,2
30,67,15,3.7,1,1,1,2
44,42,49,2.8,1,1,1,2
61,63,40,4.6,1,1,1,2
55,41,40,3.8,1,1,1,2
50,46,5,2.6,1,1,1,2
57,79,5,4.1,1,1,1,2
51,90,5,3.3,1,1,1,2
18,71,1,3.4,1,1,1,2
63,87,21,3.0,1,1,1,2
34,66,18,3.2,1,1,1,2
25,90,49,4.5,1,1,1,2
46,47,27,4.8,1,1,1,2
59,38,21,3.7,1,1,1,2
37,50,19,3.4,1,1,1,2
49,79,23,4.6,1,1,1,2
22,91,26,4.1,1,1,1,2
64,60,13,3.5,1,1,1,2
42,81,36,3.8,1,1,1,2
37,90,39,2.6,1,1,1,2
26,70,40,4.4,1,1,1,2
33,63,37,2.6,1,1,1,2
30,29,9,3.6,1,1,1,2
21,90,7,4.2,1,1,1,2
22,22,25,4.6,1,1,1,2
63,22,42,3.3,1,1,1,2
33,62,19,3.4,1,1,1,2
43,57,41,4.4,1,1,1,2
27,32,50,4.3,1,1,1,2
35,53,43,3.5,1,1,1,2
37,79,36,4.7,1,1,1,2
61,61,33,3.1,1,1,1,2
32,78,20,3.6,1,1,1,2
62,97,37,4.8,1,1,1,2
29,78,12,3.7,1,1,1,2
41,56,46,3.2,1,1,1,2
48,25,28,3.9,1,1,1,2
43,28,30,3.5,1,1,1,2
34,57,28,2.8,1,1,1,2
45,36,20,2.7,1,1,1,2
65,69,39,3.1,1,1,1,2
61,48,48,3.6,1,1,1,2
18,58,32,2.9,1,1,1,2
47,24,28,3.6,1,1,1,2
56,31,27,3.5,1,1,1,2
64,29,26,3.5,1,1,1,2
26,69,22,2.8,1,1,1,2
22,79,23,4.7,1,1,1,2
64,39,21,3.1,1,1,1,2
21,84,36,4.9,1,1,1,2
67,66,42,4.1,1,1,1,2
46,92,4,4.7,1,1,1,2
40,45,47,2.5,1,1,1,2
51,74,13,4.4,1,1,1,2
35,39,8,3.9,1,1,1,2
56,71,11,3.7,1,1,1,2
25,95,5,3.4,1,1,1,2
65,72,1,4.8,1,1,1,2
39,85,17,4.2,1,1,1,2
47,54,27,3.4,1,1,1,2
36,41,3,2.9,1,1,1,2
66,24,22,3.3,1,1,1,2
62,99,24,4.8,1,1,1,2
41,32,18,3.8,1,1,1,2
66,71,39,4.6,1,1,1,2
51,49,25,2.6,1,1,1,2
33,50,6,3.4,1,1,1,2
57,91,26,4.2,1,1,1,2
45,46,43,3.9,1,1,1,2
61,50,6,2.9,1,1,1,2
55,39,6,4.2,1,1,1,2
54,99,13,3.0,1,1,1,2
57,48,13,3.6,1,1,1,2
27,77,11,2.5,1,1,1,2
64,95,45,2.6,1,1,1,2
52,100,8,4.3,1,1,1,2
19,54,8,3.3,1,1,1,2
22,68,34,2.6,1,1,1,2
18,22,40,3.6,1,1,1,2
29,84,14,2.6,1,1,1,2
42,46,11,3.5,1,1,1,2
49,53,8,3.0,1,1,1,2
49,60,8,5.0,1,1,1,2
55,32,37,2.5,1,1,1,2
29,50,23,2.9,1,1,1,2
60,94,38,4.6,1,1,1,2
34,26,38,3.6,1,1,1,2
30,44,12,3.0,1,1,1,2
28,57,15,4.5,1,1,1,2
63,65,38,4.5,1,1,1,2
31,72,41,3.2,1,1,1,2
46,62,37,4.0,1,1,1,2
70,21,16,4.8,1,1,1,2
53,85,25,3.7,1,1,1,2
50,51,18,3.8,1,1,1,2
33,84,4,2.7,1,1,1,2
22,37,12,4.9,1,1,1,2
50,44,35,3.1,1,1,1,2
34,45,45,4.2,1,1,1,2
24,35,16,3.8,1,1,1,2
69,50,10,4.2,1,1,1,2
39,26,34,4.6,1,1,1,2
42,78,43,4.0,1,1,1,2
42,82,38,4.0,1,1,1,2
29,39,48,3.8,1,1,1,2
55,55,31,3.3,1,1,1,2
32,20,20,2.6,1,1,1,2
25,29,12,4.9,1,1,1,2
38,41,2,3.5,1,1,1,2
32,38,30,2.8,1,1,1,2
43,47,28,2.6,1,1,1,2
41,30,40,3.7,1,1,1,2
56,56,46,2.7,1,1,1,2
27,89,15,3.3,1,1,1,2
46,96,38,4.6,1,1,1,2
48,81,30,4.9,1,1,1,2
52,83,32,4.9,1,1,1,2
18,35,36,2.7,1,1,1,2
64,56,32,3.2,1,1,1,2
54,45,14,2.9,1,1,1,2
31,62,8,3.8,1,1,1,2
30,84,27,3.0,1,1,1,2
26,24,24,3.9,1,1,1,2
25,21,30,4.7,1,1,1,2
59,91,34,4.9,1,1,1,2
55,36,28,4.8,1,1,1,2
56,39,27,2.5,1,1,1,2
62,39,31,3.9,1,1,1,2
35,59,23,3.4,1,1,1,2
51,27,11,2.5,1,1,1,2
61,94,48,3.0,1,1,1,2
27,94,17,3.6,1,1,1,2
54,94,36,3.6,1,1,1,2
31,51,33,4.1,1,1,1,2
24,62,27,3.7,1,1,1,2
42,57,14,3.1,1,1,1,2
41,76,5,4.2,1,1,1,2
66,63,47,4.3,1,1,1,2
58,80,28,2.5,1,1,1,2
43,68,11,3.5,1,1,1,2
52,89,18,3.1,1,1,1,2
35,26,21,2.5,1,1,1,2
23,90,22,3.9,1,1,1,2
25,28,33,4.9,1,1,1,2
33,29,49,4.3,1,1,1,2
48,31,10,2.6,1,1,1,2
42,24,18,4.2,1,1,1,2
55,88,28,2.6,1,1,1,2
59,87,25,3.6,1,1,1,2
65,80,6,3.2,1,1,1,2
59,48,44,4.4,1,1,1,2
31,21,30,3.7,1,1,1,2
49,72,42,3.7,1,1,1,2
53,44,30,4.1,1,1,1,2
48,73,33,3.6,1,1,1,2
23,61,24,4.3,1,1,1,2
68,20,13,2.6,1,1,1,2
35,86,19,2.9,1,1,1,2
34,60,23,4.2,1,1,1,2
62,43,35,4.0,1,1,1,2
21,44,22,4.3,1,1,1,2
70,76,14,3.0,1,1,1,2
55,33,47,3.5,1,1,1,2
43,60,50,3.0,1,1,1,2
19,26,33,3.1,1,1,1,2
47,73,7,4.0,1,1,1,2
26,87,3,4.1,1,1,1,2
46,100,35,3.3,1,1,1,2
19,84,13,4.9,1,1,1,2
49,41,42,3.9,1,1,1,2
51,59,5,3.9,1,1,1,2
64,26,23,4.8,1,1,1,2
67,69,11,2.7,1,1,1,2
37,20,23,3.1,1,1,1,2
40,83,2,3.2,1,1,1,2
38,54,33,2.7,1,1,1,2
66,66,6,2.5,1,1,1,2
47,42,45,2.6,1,1,1,2
56,33,25,2.9,1,1,1,2
51,77,24,4.2,1,1,1,2
25,65,10,4.4,1,1,1,2
37,39,7,4.1,1,1,1,2
41,51,1,3.8,1,1,1,2
64,65,45,4.9,1,1,1,2
23,89,37,4.9,1,1,1,2
62,76,14,4.1,1,1,1,2
39,75,25,3.1,1,1,1,2
52,61,18,2.7,1,1,1,2
50,35,37,3.8,1,1,1,2
28,37,30,4.3,1,1,1,2
67,91,34,4.1,1,1,1,2
41,99,49,4.4,1,1,1,2
19,54,48,3.6,1,1,1,2
70,47,33,3.3,1,1,1,2
49,77,44,3.6,1,1,1,2
59,84,50,2.8,1,1,1,2
52,51,47,4.3,1,1,1,2
20,26,24,3.9,1,1,1,2
31,64,43,2.7,1,1,1,2
33,51,14,4.7,1,1,1,2
44,60,3,3.8,1,1,1,2
40,69,33,4.7,1,1,1,2
69,29,38,4.7,1,1,1,2
29,91,46,3.4,1,1,1,2
54,70,19,3.5,1,1,1,2
65,58,20,4.0,1,1,1,2
54,98,42,3.3,1,1,1,2
60,68,34,4.7,1,1,1,2
43,44,5,2.8,1,1,1,2
44,45,3,3.3,1,1,1,2
69,99,46,2.9,1,1,1,2
46,68,16,2.8,1,1,1,2
41,56,21,4.2,1,1,1,2
32,43,34,4.4,1,1,1,2
26,99,9,3.6,1,1,1,2
61,56,36,2.7,1,1,1,2
49,25,22,3.4,1,1,1,2
53,74,2,2.8,1,1,1,2
24,56,32,3.4,1,1,1,2
37,47,29,2.6,1,1,1,2
43,67,27,4.1,1,1,1,2
31,22,33,2.9,1,1,1,2
49,34,16,2.7,1,1,1,2
69,64,11,3.7,1,1,1,2
65,42,11,4.3,1,1,1,2
41,82,17,2.6,1,1,1,2
37,81,37,4.3,1,1,1,2
70,24,18,4.1,1,1,1,2
63,60,13,4.2,1,1,1,2
55,24,7,4.2,1,1,1,2
52,78,37,3.1,1,1,1,2
22,88,8,4.9,1,1,1,2
54,63,11,4.4,1,1,1,2
28,78,8,4.4,1,1,1,2
67,37,31,3.4,1,1,1,2
59,94,26,4.5,1,1,1,2
26,78,20,4.5,1,1,1,2
24,36,24,4.1,1,1,1,2
62,24,45,3.2,1,1,1,2
70,84,33,2.7,1,1,1,2
45,47,21,3.7,1,1,1,2
58,51,2,2.6,1,1,1,2
31,84,28,2.7,1,1,1,2
32,24,18,2.7,1,1,1,2
36,97,21,4.8,1,1,1,2
25,89,24,4.8,1,1,1,2
48,44,15,2.6,1,1,1,2
39,35,38,4.5,1,1,1,2
26,91,38,3.2,1,1,1,2
32,63,13,3.8,1,1,1,2
54,97,39,4.8,1,1,1,2
38,38,8,4.1,1,1,1,2
46,24,4,2.8,1,1,1,2
57,32,6,3.9,1,1,1,2
49,90,11,4.9,1,1,1,2
33,36,49,3.4,1,1,1,2
54,37,30,4.1,1,1,1,2
47,51,34,2.9,1,1,1,2
36,71,28,3.1,1,1,1,2
68,50,36,3.6,1,1,1,2
60,74,18,3.5,1,1,1,2
55,75,4,3.4,1,1,1,2
29,99,42,2.9,1,1,1,2
38,23,11,4.7,1,1,1,2
70,53,31,4.4,1,1,1,2
36,99,12,2.6,1,1,1,2
18,48,20,4.4,1,1,1,2
62,72,37,3.7,1,1,1,2
29,64,26,4.4,1,1,1,2
21,63,14,2.5,1,1,1,2
42,51,12,2.6,1,1,1,2
43,55,10,5.0,1,1,1,2
58,55,19,4.9,1,1,1,2
27,26,4,3.7,1,1,1,2
57,67,48,3.1,1,1,1,2
40,31,37,3.2,1,1,1,2
45,66,4,4.4,1,1,1,2
47,67,15,4.3,1,1,1,2
61,61,33,3.0,1,1,1,2
60,75,30,3.5,1,1,1,2
69,90,23,3.6,1,1,1,2
58,40,2,3.8,1,1,1,2
34,90,50,3.6,1,1,1,2
20,20,34,4.6,1,1,1,2
56,40,33,2.5,1,1,1,2
64,33,34,3.5,1,1,1,2
56,98,39,4.0,1,1,1,2
27,42,47,3.5,1,1,1,2
35,62,37,3.2,1,1,1,2
24,45,40,3.5,1,1,1,2
26,78,8,3.4,1,1,1,2
32,80,12,5.0,1,1,1,2
54,96,36,4.5,1,1,1,2
62,47,48,2.8,1,1,1,2
50,84,47,4.9,1,1,1,2
70,31,2,3.1,1,1,1,2
48,63,24,4.8,1,1,1,2
20,97,40,2.7,1,1,1,2
46,99,50,4.6,1,1,1,2
51,90,25,4.4,1,1,1,2
53,68,20,3.2,1,1,1,2
44,80,10,3.0,1,1,1,2
29,91,32,4.9,1,1,1,2
64,30,31,3.6,1,1,1,2
51,90,48,3.8,1,1,1,2
50,28,23,2.9,1,1,1,2
43,46,1,3.9,1,1,1,2
61,60,4,3.6,1,1,1,2
55,59,3,3.5,1,1,1,2
56,68,3,4.0,1,1,1,2
33,79,44,4.8,1,1,1,2
43,94,5,3.9,1,1,1,2
21,83,50,4.5,1,1,1,2
58,62,2,4.8,1,1,1,2
41,85,29,2.6,1,1,1,2
39,30,11,3.1,1,1,1,2
54,24,37,4.7,1,1,1,2
43,25,32,2.9,1,1,1,2
28,37,27,3.8,1,1,1,2
59,69,31,3.8,1,1,1,2
28,97,36,3.0,1,1,1,2
68,24,34,4.1,1,1,1,2
20,30,15,3.4,1,1,1,2
21,53,14,2.5,1,1,1,2
50,70,46,4.9,1,1,1,2
32,76,33,2.8,1,1,1,2
24,95,41,4.5,1,1,1,2
55,51,39,4.9,1,1,1,2
61,41,7,4.9,1,1,1,2
61,71,29,3.5,1,1,1,2
28,66,18,3.5,1,1,1,2
60,84,15,4.9,1,1,1,2
49,95,39,3.0,1,1,1,2
33,90,11,2.8,1,1,1,2
45,36,4,3.7,1,1,1,2
29,22,33,3.6,1,1,1,2
58,89,37,3.3,1,1,1,2
22,50,32,3.4,1,1,1,2
55,36,44,4.0,1,1,1,2
19,52,41,4.6,1,1,1,2
68,29,44,4.2,1,1,1,2
61,89,32,2.8,1,1,1,2
68,47,13,3.7,1,1,1,2
52,25,48,3.4,1,1,1,2
41,74,3,3.0,1,1,1,2
29,46,39,4.8,1,1,1,2
68,22,7,4.0,1,1,1,2
36,25,11,4.9,1,1,1,2
55,80,47,4.9,1,1,1,2
28,76,28,3.3,1,1,1,2
39,30,17,4.4,1,1,1,2
54,79,11,3.5,1,1,1,2
40,22,12,4.2,1,1,1,2
31,36,7,4.2,1,1,1,2
30,77,19,2.7,1,1,1,2
45,33,24,2.8,1,1,1,2
48,64,19,3.8,1,1,1,2
45,53,39,2.6,1,1,1,2
60,36,1,3.0,1,1,1,2
59,70,10,3.3,0,1,1,0
18,96,48,4.9,0,1,1,0
70,27,24,3.3,0,1,1,0
20,64,42,2.9,0,1,1,0
65,23,20,4.4,0,1,1,0
29,33,49,3.1,0,1,1,0
22,34,25,2.5,0,1,1,0
27,35,21,2.6,0,1,1,0
36,62,12,4.4,0,1,1,0
59,75,21,2.6,0,1,1,0
62,29,35,3.3,0,1,1,0
34,28,42,3.5,0,1,1,0
59,20,3,4.1,0,1,1,0
49,96,11,4.0,0,1,1,0
18,43,22,2.7,0,1,1,0
55,94,47,2.5,0,1,1,0
38,81,33,4.3,0,1,1,0
50,75,50,3.3,0,1,1,0
61,81,46,2.6,0,1,1,0
48,92,34,3.5,0,1,1,0
22,96,33,4.0,0,1,1,0
48,71,45,2.6,0,1,1,0
57,50,32,4.9,0,1,1,0
33,72,47,2.9,0,1,1,0
58,28,5,3.7,0,1,1,0
37,59,49,4.4,0,1,1,0
18,33,48,4.4,0,1,1,0
65,59,22,3.8,0,1,1,0
62,30,45,4.5,0,1,1,0
54,85,30,2.6,0,1,1,0
35,97,43,3.3,0,1,1,0
34,36,48,4.1,0,1,1,0
25,85,23,3.0,0,1,1,0
53,62,27,3.0,0,1,1,0
45,71,7,3.4,0,1,1,0
49,21,2,2.7,0,1,1,0
40,61,33,3.8,0,1,1,0
38,58,27,4.2,0,1,1,0
44,80,6,4.7,0,1,1,0
68,50,20,4.1,0,1,1,0
60,48,46,4.2,0,1,1,0
25,40,25,4.8,0,1,1,0
19,34,30,3.0,0,1,1,0
57,46,48,2.6,0,1,1,0
58,27,47,3.2,0,1,1,0
49,98,27,3.6,0,1,1,0
19,73,45,2.6,0,1,1,0
50,28,2,4.4,0,1,1,0
30,76,39,3.0,0,1,1,0
52,83,24,2.9,0,1,1,0
35,23,8,4.3,0,1,1,0
35,28,8,3.1,0,1,1,0
33,83,6,3.0,0,1,1,0
52,96,12,3.6,0,1,1,0
69,62,26,2.8,0,1,1,0
27,25,50,2.8,0,1,1,0
66,97,2,4.9,0,1,1,0
28,61,31,3.0,0,1,1,0
22,66,4,4.1,0,1,1,0
69,67,32,4.6,0,1,1,0
28,80,11,4.8,0,1,1,0
55,25,47,2.6,0,1,1,0
30,58,37,4.0,0,1,1,0
67,96,39,4.2,0,1,1,0
25,77,24,4.5,0,1,1,0
49,65,11,4.9,0,1,1,0
34,36,36,3.1,0,1,1,0
22,84,40,4.0,0,1,1,0
63,58,25,3.2,0,1,1,0
70,62,12,4.3,0,1,1,0
36,67,38,2.5,0,1,1,0
42,20,40,4.9,0,1,1,0
27,90,10,2.7,0,1,1,0
23,58,47,3.4,0,1,1,0
50,53,22,4.8,0,1,1,0
56,30,35,4.7,0,1,1,0
37,65,46,4.7,0,1,1,0
67,41,30,3.9,0,1,1,0
67,73,20,3.7,0,1,1,0
50,98,25,4.3,0,1,1,0
36,36,29,4.1,0,1,1,0
62,81,2,4.6,0,1,1,0
65,90,32,3.6,0,1,1,0
23,83,37,4.8,0,1,1,0
46,91,16,2.8,0,1,1,0
18,36,32,4.7,0,1,1,0
58,53,42,3.9,0,1,1,0
31,39,6,2.6,0,1,1,0
39,33,23,4.7,0,1,1,0
69,76,27,3.5,0,1,1,0
68,23,43,4.4,0,1,1,0
41,54,25,4.4,0,1,1,0
31,89,30,3.0,0,1,1,0
48,38,7,4.2,0,1,1,0
59,36,17,4.3,0,1,1,0
34,66,10,2.6,0,1,1,0
21,42,40,3.3,0,1,1,0
29,36,50,2.7,0,1,1,0
41,86,24,4.2,0,1,1,0
62,49,8,4.0,0,1,1,0
27,41,6,4.0,0,1,1,0
49,82,44,2.9,0,1,1,0
67,53,47,2.6,0,1,1,0
20,21,6,4.8,0,1,1,0
37,66,11,4.4,0,1,1,0
69,89,41,4.0,0,1,1,0
66,55,46,3.6,0,1,1,0
37,42,9,3.2,0,1,1,0
63,52,37,3.1,0,1,1,0
47,92,13,4.2,0,1,1,0
26,56,24,3.0,0,1,1,0
68,96,47,4.2,0,1,1,0
51,64,21,2.9,0,1,1,0
48,48,22,3.7,0,1,1,0
60,83,16,3.6,0,1,1,0
68,91,37,3.6,0,1,1,0
25,94,3,4.5,0,1,1,0
57,62,33,3.2,0,1,1,0
41,55,15,3.9,0,1,1,0
59,68,42,4.6,0,1,1,0
44,76,42,2.5,0,1,1,0
42,31,19,4.3,0,1,1,0
35,81,26,4.1,0,1,1,0
36,83,39,4.6,0,1,1,0
54,21,24,4.8,0,1,1,0
37,22,23,4.9,0,1,1,0
20,33,44,2.8,0,1,1,0
23,23,34,4.9,0,1,1,0
61,96,43,3.5,0,1,1,0
37,21,45,3.8,0,1,1,0
23,39,4,4.5,0,1,1,0
63,73,19,3.4,0,1,1,0
47,64,29,3.9,0,1,1,0
63,68,27,4.1,0,1,1,0
56,89,37,3.0,0,1,1,0
68,29,11,3.3,0,1,1,0
64,97,28,4.9,0,1,1,0
62,45,31,4.3,0,1,1,0
34,70,50,4.1,0,1,1,0
49,56,42,4.0,0,1,1,0
40,55,18,5.0,0,1,1,0
50,46,6,3.1,0,1,1,0
25,95,33,4.0,0,1,1,0
30,88,13,3.2,0,1,1,0
54,92,26,3.9,0,1,1,0
40,49,17,3.9,0,1,1,0
49,89,3,4.5,0,1,1,0
27,22,7,4.4,0,1,1,0
27,61,46,3.1,0,1,1,0
48,29,14,2.9,0,1,1,0
40,82,23,3.7,0,1,1,0
67,94,20,3.2,0,1,1,0
52,99,38,3.5,0,1,1,0
22,59,16,3.0,0,1,1,0
62,90,48,4.1,0,1,1,0
20,100,8,2.9,0,1,1,0
41,62,16,3.8,0,1,1,0
34,78,5,4.1,0,1,1,0
23,94,14,4.6,0,1,1,0
32,74,18,2.5,0,1,1,0
68,52,14,3.7,0,1,1,0
30,81,5,3.8,0,1,1,0
66,20,15,2.6,0,1,1,0
62,32,3,3.7,0,1,1,0
50,63,12,2.6,0,1,1,0
55,79,43,3.1,0,1,1,0
19,23,35,2.5,0,1,1,0
67,64,36,4.9,0,1,1,0
18,69,3,4.5,0,1,1,0
58,69,27,3.4,0,1,1,0
69,24,21,3.9,0,1,1,0
62,50,18,3.7,0,1,1,0
28,97,16,2.6,0,1,1,0
53,91,18,3.4,0,1,1,0
27,37,19,4.9,0,1,1,0
55,55,1,3.9,0,1,1,0
34,52,39,3.6,0,1,1,0
25,80,49,4.6,0,1,1,0
66,79,43,4.0,0,1,1,0
57,23,31,3.6,0,1,1,0
46,73,40,3.5,0,1,1,0
38,99,2,4.1,0,1,1,0
23,22,46,3.0,0,1,1,0
42,68,35,4.4,0,1,1,0
25,92,42,4.4,0,1,1,0
55,77,3,3.7,0,1,1,0
62,37,32,4.8,0,1,1,0
41,79,48,2.9,0,1,1,0
58,51,34,3.1,0,1,1,0
56,27,15,4.0,0,1,1,0
25,23,22,3.0,0,1,1,0
70,76,2,3.9,0,1,1,0
42,31,30,3.4,0,1,1,0
27,60,27,2.7,0,1,1,0
65,99,18,3.5,0,1,1,0
62,37,8,3.0,0,1,1,0
62,50,48,4.5,0,1,1,0
52,26,24,4.1,0,1,1,0
56,86,43,5.0,0,1,1,0
28,41,8,4.0,0,1,1,0
39,23,49,4.9,0,1,1,0
54,56,2,3.3,0,1,1,0
30,68,38,4.1,0,1,1,0
45,48,4,3.6,0,1,1,0
68,67,31,3.0,0,1,1,0
47,87,34,4.1,0,1,1,0
68,64,45,3.9,0,1,1,0
63,93,30,4.1,0,1,1,0
20,29,2,2.8,0,1,1,0
29,62,44,4.8,0,1,1,0
41,70,1,4.6,0,1,1,0
52,92,1,2.5,0,1,1,0
32,79,27,2.7,0,1,1,0
20,31,14,4.0,0,1,1,0
47,83,41,2.7,0,1,1,0
23,88,25,2.9,0,1,1,0
43,53,47,3.0,0,1,1,0
67,98,20,3.3,0,1,1,0
70,57,42,4.3,0,1,1,0
35,80,16,4.4,0,1,1,0
41,29,32,4.1,0,1,1,0
54,73,37,3.1,0,1,1,0
55,32,1,4.5,0,1,1,0
51,68,37,4.8,0,1,1,0
19,97,5,5.0,0,1,1,0
28,98,31,2.8,0,1,1,0
63,56,18,3.7,0,1,1,0
30,78,39,4.4,0,1,1,0
29,81,8,4.5,0,1,1,0
24,68,20,3.0,0,1,1,0
69,94,23,3.9,0,1,1,0
65,93,38,3.9,0,1,1,0
64,99,45,3.5,0,1,1,0
40,49,44,4.9,0,1,1,0
24,28,20,3.4,0,1,1,0
66,93,34,4.1,0,1,1,0
35,24,10,2.9,0,1,1,0
67,35,3,3.4,0,1,1,0
69,68,23,3.2,0,1,1,0
26,61,42,3.9,0,1,1,0
23,74,30,4.1,0,1,1,0
27,64,21,4.5,0,1,1,0
30,60,50,2.8,0,1,1,0
48,29,16,2.8,0,1,1,0
44,85,32,4.6,0,1,1,0
29,81,14,3.0,0,1,1,0
29,23,42,3.6,0,1,1,0
67,100,47,4.5,0,1,1,0
42,54,21,5.0,0,1,1,0
23,25,37,2.9,0,1,1,0
34,32,10,3.1,0,1,1,0
64,63,18,4.0,0,1,1,0
31,56,2,4.5,0,1,1,0
54,33,40,4.5,0,1,1,0
23,32,43,3.1,0,1,1,0
59,38,14,4.4,0,1,1,0
32,21,41,4.7,0,1,1,0
43,59,38,3.1,0,1,1,0
32,87,12,4.2,0,1,1,0
66,79,19,3.0,0,1,1,0
70,28,23,2.6,0,1,1,0
42,67,49,3.4,0,1,1,0
56,75,29,4.2,0,1,1,0
28,32,14,4.6,0,1,1,0
28,43,19,2.8,0,1,1,0
52,93,19,2.7,0,1,1,0
65,24,48,4.0,0,1,1,0
56,31,19,3.1,0,1,1,0
59,84,45,3.7,0,1,1,0
23,74,17,4.0,0,1,1,0
58,62,15,4.6,0,1,1,0
39,77,11,3.8,0,1,1,0
28,73,1,3.5,0,1,1,0
40,50,17,4.6,0,1,1,0
52,40,37,2.8,0,1,1,0
37,97,40,3.7,0,1,1,0
70,63,50,3.3,0,1,1,0
30,65,20,2.9,0,1,1,0
38,91,8,3.2,0,1,1,0
66,60,16,4.3,0,1,1,0
29,69,9,2.7,0,1,1,0
46,52,12,4.2,0,1,1,0
56,49,26,4.8,0,1,1,0
23,85,44,4.8,0,1,1,0
37,86,19,3.4,0,1,1,0
56,51,43,2.6,0,1,1,0
36,56,5,5.0,0,1,1,0
40,72,5,4.4,0,1,1,0
26,27,31,2.9,0,1,1,0
57,43,11,3.4,0,1,1,0
68,56,34,3.4,0,1,1,0
56,37,14,4.9,0,1,1,0
40,21,42,3.6,0,1,1,0
44,91,15,3.0,0,1,1,0
44,95,47,3.9,0,1,1,0
19,54,23,3.2,0,1,1,0
21,36,23,3.2,0,1,1,0
31,71,1,4.3,0,1,1,0
30,31,28,2.8,0,1,1,0
65,89,37,4.5,0,1,1,0
39,83,4,4.1,0,1,1,0
64,42,21,3.6,0,1,1,0
59,91,50,3.0,0,1,1,0
49,61,34,4.0,0,1,1,0
24,66,20,3.5,0,1,1,0
19,22,25,2.5,0,1,1,0
27,68,26,4.3,0,1,1,0
56,43,4,2.8,0,1,1,0
49,32,39,3.7,0,1,1,0
41,46,29,4.3,0,1,1,0
36,90,47,4.0,0,1,1,0
68,75,5,4.7,0,1,1,0
28,69,18,4.5,0,1,1,0
45,40,10,3.1,0,1,1,0
60,63,25,3.8,0,1,1,0
21,36,2,4.9,0,1,1,0
32,75,48,3.2,0,1,1,0
27,67,41,2.9,0,1,1,0
40,64,42,2.8,0,1,1,0
64,61,44,4.0,0,1,1,0
18,40,6,2.6,0,1,1,0
22,97,5,2.7,0,1,1,0
42,31,8,4.1,0,1,1,0
57,65,24,5.0,0,1,1,0
33,54,42,3.0,0,1,1,0
37,49,24,3.6,0,1,1,0
21,64,38,2.8,0,1,1,0
51,35,41,4.6,0,1,1,0
30,86,48,2.9,0,1,1,0
68,55,16,4.8,0,1,1,0
36,58,4,3.3,0,1,1,0
46,96,8,4.6,0,1,1,0
41,64,1,2.6,0,1,1,0
68,56,4,4.0,0,1,1,0
21,85,20,3.8,0,1,1,0
62,23,40,3.9,0,1,1,0
59,72,8,2.6,0,1,1,0
25,38,42,4.3,0,1,1,0
53,29,38,3.6,0,1,1,0
31,46,34,4.2,0,1,1,0
46,58,14,3.9,0,1,1,0
26,43,39,4.7,0,1,1,0
47,32,40,2.8,0,1,1,0
37,30,49,3.0,0,1,1,0
55,67,33,4.7,0,1,1,0
30,45,25,2.5,0,1,1,0
19,81,48,3.1,0,1,1,0
36,23,22,3.6,0,1,1,0
23,59,1,3.5,0,1,1,0
62,21,47,3.1,0,1,1,0
26,20,20,3.6,0,1,1,0
36,28,10,3.5,0,1,1,0
33,100,39,2.7,0,1,1,0
32,46,15,3.6,0,1,1,0
56,61,11,4.5,0,1,1,0
58,58,38,4.1,0,1,1,0
34,50,41,4.2,0,1,1,0
61,93,18,4.0,0,1,1,0
48,24,13,2.8,0,1,1,0
25,100,43,2.6,0,1,1,0
51,79,12,2.7,0,1,1,0
29,51,3,4.5,0,1,1,0
54,90,12,3.7,0,1,1,0
48,56,46,3.4,0,1,1,0
62,25,21,4.6,0,1,1,0
18,75,23,4.1,0,1,1,0
43,75,4,2.6,0,1,1,0
22,53,45,4.6,0,1,1,0
68,100,24,3.0,0,1,1,0
44,27,3,3.4,0,1,1,0
51,60,12,3.5,0,1,1,0
66,23,34,3.5,0,1,1,0
59,40,39,3.7,0,1,1,0
60,38,35,4.8,0,1,1,0
31,90,8,4.9,0,1,1,0
20,97,42,4.9,0,1,1,0
24,38,6,4.7,0,1,1,0
48,30,3,4.9,0,1,1,0
39,88,29,2.9,0,1,1,0
34,33,32,4.4,0,1,1,0
70,60,45,3.2,0,1,1,0
59,64,21,4.6,0,1,1,0
45,95,41,4.0,0,1,1,0
35,83,23,3.7,0,1,1,0
69,97,14,4.2,0,1,1,0
58,38,24,2.9,0,1,1,0
25,48,25,4.8,0,1,1,0
27,76,13,4.4,0,1,1,0
34,25,3,3.4,0,1,1,0
53,92,42,2.8,0,1,1,0
58,47,2,4.2,0,1,1,0
32,36,26,3.8,0,1,1,0
64,51,24,3.1,0,1,1,0
63,35,6,3.2,0,1,1,0
23,57,25,3.0,0,1,1,0
64,95,11,3.6,0,1,1,0
18,41,20,2.5,0,1,1,0
25,44,25,3.4,0,1,1,0
54,34,35,2.5,0,1,1,0
60,25,11,4.7,0,1,1,0
36,93,41,3.2,0,1,1,0
66,50,17,2.9,0,1,1,0
60,79,1,4.9,0,1,1,0
59,100,30,2.7,0,1,1,0
58,57,47,4.7,0,1,1,0
35,28,34,2.9,0,1,1,0
20,35,18,4.8,0,1,1,0
70,85,33,4.6,0,1,1,0
54,95,42,5.0,0,1,1,0
38,90,2,4.8,0,1,1,0
54,49,1,4.9,0,1,1,0
33,92,23,4.6,0,1,1,0
46,72,42,3.9,0,1,1,0
58,71,3,4.5,0,1,1,0
30,27,16,4.7,0,1,1,0
42,39,46,3.9,0,1,1,0
28,98,31,4.4,0,1,1,0
43,27,15,3.9,0,1,1,0
31,71,48,2.8,0,1,1,0
39,24,11,3.5,0,1,1,0
69,63,20,4.3,0,1,1,0
31,72,6,3.9,0,1,1,0
44,61,24,4.0,0,1,1,0
39,56,18,4.1,0,1,1,0
24,32,1,4.3,0,1,1,0
28,23,13,4.2,0,1,1,0
48,100,2,4.0,0,1,1,0
39,74,26,3.6,0,1,1,0
64,33,31,3.3,0,1,1,0
28,67,43,4.1,0,1,1,0
39,61,12,4.7,0,1,1,0
49,46,22,4.4,0,1,1,0
22,56,3,3.4,0,1,1,0
25,73,23,5.0,0,1,1,0
40,44,26,4.6,0,1,1,0
23,44,37,4.0,0,1,1,0
24,26,42,4.1,0,1,1,0
66,52,15,4.9,0,1,1,0
27,54,10,2.7,0,1,1,0
62,38,3,4.5,0,1,1,0
70,44,44,2.7,0,1,1,0
43,76,23,3.0,0,1,1,0
45,23,6,4.5,0,1,1,0
63,98,9,5.0,0,1,1,0
69,33,16,3.8,0,1,1,0
59,32,46,3.1,0,1,1,0
19,85,24,3.4,0,1,1,0
63,69,22,4.8,0,1,1,0
37,55,13,2.7,0,1,1,0
37,66,20,3.2,0,1,1,0
50,30,46,3.9,0,1,1,0
60,80,10,4.2,0,1,1,0
46,20,39,3.0,0,1,1,0
35,30,44,3.0,0,1,1,0
66,86,7,3.7,0,1,1,0
35,84,3,4.4,0,1,1,0
20,54,44,4.6,0,1,1,0
55,30,31,3.0,0,1,1,0
34,91,48,3.6,0,1,1,0
60,23,18,3.9,0,1,1,0
22,35,27,4.1,0,1,1,0
26,90,1,3.9,0,1,1,0
39,93,34,3.9,0,1,1,0
20,68,5,4.5,0,1,1,0
57,41,12,3.4,0,1,1,0
68,73,14,4.1,0,1,1,0
50,73,40,4.9,0,1,1,0
21,66,39,4.4,0,1,1,0
29,59,50,2.7,0,1,1,0
38,72,5,4.8,0,1,1,0
54,88,35,3.3,0,1,1,0
22,76,6,4.4,0,1,1,0
29,31,22,4.6,0,1,1,0
41,22,27,3.1,0,1,1,0
26,75,33,4.5,0,1,1,0
69,75,47,4.0,0,1,1,0
20,63,48,3.1,0,1,1,0
59,21,22,3.9,0,1,1,0
63,83,8,4.5,0,1,1,0
68,46,5,4.4,0,1,1,0
50,59,16,3.6,0,1,1,0
55,66,26,3.4,0,1,1,0
36,74,8,4.0,0,1,1,0
18,82,17,2.6,0,1,1,0
68,89,50,3.2,0,1,1,0
56,65,22,3.2,0,1,1,0
32,55,19,5.0,0,1,1,0
28,95,14,2.9,0,1,1,0
24,77,35,2.9,0,1,1,0
59,44,43,3.5,0,1,1,0
56,89,24,4.0,0,1,1,0
30,24,17,3.9,0,1,1,0
48,43,49,4.9,0,1,1,0
60,51,17,3.8,0,1,1,0
46,46,40,3.5,0,1,1,0
69,32,43,3.7,0,1,1,0
19,55,19,2.9,0,1,1,0
66,26,40,2.8,0,1,1,0
64,29,13,3.7,0,1,1,0
54,49,20,3.0,0,1,1,0
27,45,21,4.8,0,1,1,0
64,48,18,2.7,0,1,1,0
43,47,44,4.5,0,1,1,0
43,57,26,2.7,0,1,1,0
27,34,34,3.5,0,1,1,0
35,75,24,3.5,0,1,1,0
43,94,23,4.5,0,1,1,0
57,84,3,3.8,0,1,1,0
50,38,2,3.8,0,1,1,0
37,75,23,3.2,0,1,1,0
68,44,8,4.3,0,1,1,0
22,33,30,4.5,0,1,1,0
58,93,48,4.2,0,1,1,0
48,99,21,3.0,0,1,1,0
30,33,9,4.1,0,1,1,0
51,76,8,4.6,0,1,1,0
20,63,29,2.9,0,1,1,0
30,41,3,4.8,0,1,1,0
28,88,11,4.5,0,1,1,0
37,92,16,3.4,0,1,1,0
36,31,25,4.3,0,1,1,0
18,25,32,4.2,0,1,1,0
52,28,28,3.6,0,1,1,0
56,75,36,3.7,0,1,1,0
68,34,7,4.0,0,1,1,0
62,97,2,4.9,0,1,1,0
35,80,6,3.1,0,1,1,0
65,71,30,3.7,0,1,1,0
69,77,46,4.2,0,1,1,0
28,41,39,2.5,0,1,1,0
37,92,8,4.3,0,1,1,0
41,95,46,3.1,0,1,1,0
37,25,40,3.0,0,1,1,0
25,77,21,4.0,0,1,1,0
41,99,33,3.5,0,1,1,0
48,24,3,3.2,0,1,1,0
42,72,48,2.7,0,1,1,0
54,80,8,3.0,0,1,1,0
18,100,24,2.9,0,1,1,0
56,83,10,3.3,0,1,1,0
61,95,25,4.9,0,1,1,0
40,41,3,3.7,0,1,1,0
34,35,45,3.5,0,1,1,0
42,30,15,4.7,0,1,1,0
43,21,34,2.6,0,1,1,0
47,85,21,4.1,0,1,1,0
48,54,22,2.8,0,1,1,0
20,26,24,4.7,0,1,1,0
65,59,33,2.9,0,1,1,0
54,48,13,2.8,0,1,1,0
23,98,17,4.3,0,1,1,0
18,92,25,4.8,0,1,1,0
70,46,15,3.4,0,1,1,0
55,21,4,4.3,0,1,1,0
49,72,43,2.7,0,1,1,0
26,58,12,4.6,0,1,1,0
33,93,3,4.1,0,1,1,0
20,31,1,3.4,0,1,1,0
41,26,6,4.5,0,1,1,0
18,68,26,4.4,0,1,1,0
26,31,6,4.0,0,1,1,0
30,41,22,3.4,0,1,1,0
64,62,45,3.2,0,1,1,0
26,41,50,3.4,0,1,1,0
43,64,50,4.3,0,1,1,0
63,72,39,5.0,0,1,1,0
57,78,50,3.5,0,1,1,0
25,47,27,3.1,0,1,1,0
68,46,38,3.9,0,1,1,0
31,43,37,4.0,0,1,1,0
64,58,50,3.5,0,1,1,0
38,32,40,3.6,0,1,1,0
34,45,3,3.0,0,1,1,0
32,35,45,2.6,0,1,1,0
69,21,8,2.9,0,1,1,0
45,64,7,3.1,0,1,1,0
35,88,13,3.3,0,1,1,0
63,48,29,2.9,0,1,1,0
65,36,7,3.9,0,1,1,0
35,28,50,4.7,0,1,1,0
54,80,33,4.4,0,1,1,0
28,23,30,3.6,0,1,1,0
68,24,40,3.2,0,1,1,0
58,22,49,4.0,0,1,1,0
35,21,32,3.5,0,1,1,0
68,51,18,4.6,0,1,1,0
41,65,50,3.3,0,1,1,0
65,51,13,4.0,0,1,1,0
50,32,1,3.4,0,1,1,0
18,70,16,4.2,0,1,1,0
38,77,6,3.9,0,1,1,0
68,90,21,3.9,0,1,1,0
53,36,36,2.8,0,1,1,0
58,77,20,3.7,0,1,1,0
34,78,8,4.9,0,1,1,0
36,69,22,2.6,0,1,1,0
58,63,3,4.9,0,1,1,0
60,36,46,3.4,0,1,1,0
59,80,42,3.9,0,1,1,0
65,35,1,4.0,0,1,1,0
31,93,29,3.0,0,1,1,0
43,25,14,2.6,0,1,1,0
37,81,4,3.2,0,1,1,0
21,42,41,2.6,0,1,1,0
69,36,4,3.2,0,1,1,0
32,66,47,4.1,0,1,1,0
53,37,44,3.9,0,1,1,0
59,45,37,4.1,0,1,1,0
64,86,21,2.7,0,1,1,0
63,24,46,4.6,0,1,1,0
43,22,1,3.5,0,1,1,0
19,53,35,5.0,0,1,1,0
40,41,49,3.4,0,1,1,0
51,64,47,3.1,0,1,1,0
51,40,24,3.4,0,1,1,0
66,33,28,4.0,0,1,1,0
42,59,22,2.7,0,1,1,0
22,73,20,3.6,0,1,1,0
31,22,25,4.0,0,1,1,0
18,73,15,3.8,0,1,1,0
21,62,49,3.4,0,1,1,0
35,56,10,3.2,0,1,1,0
35,90,21,4.7,0,1,1,0
27,44,34,3.1,0,1,1,0
65,35,41,3.3,0,0,0,1
41,71,30,4.8,0,0,0,1
60,52,24,4.5,0,0,0,1
61,37,6,3.4,0,0,0,1
24,95,14,3.7,0,0,0,1
65,97,37,4.9,0,0,0,1
23,57,37,3.5,0,0,0,1
30,93,28,4.6,0,0,0,1
33,48,43,4.6,0,0,0,1
22,75,25,4.2,0,0,0,1
67,70,4,3.7,0,0,0,1
28,26,13,3.0,0,0,0,1
32,73,32,4.6,0,0,0,1
40,30,1,3.2,0,0,0,1
64,61,4,3.5,0,0,0,1
56,75,33,2.6,0,0,0,1
63,88,45,4.9,0,0,0,1
20,67,20,2.7,0,0,0,1
54,95,1,4.7,0,0,0,1
31,69,7,4.0,0,0,0,1
36,87,48,3.5,0,0,0,1
25,41,46,4.8,0,0,0,1
20,67,34,4.0,0,0,0,1
62,70,36,4.1,0,0,0,1
69,41,44,3.8,0,0,0,1
54,83,48,5.0,0,0,0,1
39,22,12,4.0,0,0,0,1
56,20,19,3.9,0,0,0,1
39,29,49,3.4,0,0,0,1
37,87,25,3.0,0,0,0,1
25,81,25,4.9,0,0,0,1
35,58,1,3.2,0,0,0,1
45,83,19,3.8,0,0,0,1
19,59,7,3.8,0,0,0,1
21,93,19,4.7,0,0,0,1
65,87,9,3.8,0,0,0,1
49,22,37,4.6,0,0,0,1
30,71,15,4.4,0,0,0,1
23,69,30,3.4,0,0,0,1
69,47,30,4.7,0,0,0,1
29,50,16,2.9,0,0,0,1
54,96,14,3.4,0,0,0,1
45,39,8,3.2,0,0,0,1
25,84,40,2.8,0,0,0,1
34,28,24,4.3,0,0,0,1
46,51,14,3.3,0,0,0,1
70,20,39,3.3,0,0,0,1
42,72,21,3.3,0,0,0,1
45,33,32,3.0,0,0,0,1
57,28,45,2.8,0,0,0,1
49,53,19,4.0,0,0,0,1
23,48,1,4.3,0,0,0,1
47,21,12,3.8,0,0,0,1
23,22,26,4.2,0,0,0,1
21,87,12,3.1,0,0,0,1
45,50,36,2.6,0,0,0,1
67,85,22,3.4,0,0,0,1
31,98,16,3.1,0,0,0,1
58,34,31,3.6,0,0,0,1
57,61,43,2.6,0,0,0,1
42,98,50,4.2,0,0,0,1
60,61,37,2.9,0,0,0,1
21,98,23,4.2,0,0,0,1
69,21,10,3.3,0,0,0,1
41,51,20,3.6,0,0,0,1
51,80,18,4.3,0,0,0,1
23,72,3,3.3,0,0,0,1
57,63,23,3.0,0,0,0,1
40,27,27,3.6,0,0,0,1
65,44,44,3.1,0,0,0,1
61,23,41,2.9,0,0,0,1
34,93,41,3.9,0,0,0,1
43,70,36,3.2,0,0,0,1
31,85,38,3.1,0,0,0,1
57,40,34,3.2,0,0,0,1
34,29,14,3.3,0,0,0,1
25,27,23,4.8,0,0,0,1
66,93,18,3.8,0,0,0,1
56,20,45,4.6,0,0,0,1
49,55,14,2.8,0,0,0,1
19,94,48,3.6,0,0,0,1
27,56,17,4.3,0,0,0,1
68,58,1,4.0,0,0,0,1
20,44,39,3.5,0,0,0,1
21,95,24,4.9,0,0,0,1
36,42,41,3.1,0,0,0,1
37,93,28,3.9,0,0,0,1
61,56,34,3.0,0,0,0,1
68,88,41,4.1,0,0,0,1
60,54,27,4.3,0,0,0,1
69,89,46,3.8,0,0,0,1
25,45,2,3.9,0,0,0,1
32,75,45,4.3,0,0,0,1
53,22,34,4.3,0,0,0,1
46,82,9,4.7,0,0,0,1
58,34,1,3.1,0,0,0,1
21,92,17,2.7,0,0,0,1
46,78,6,3.7,0,0,0,1
18,47,12,3.3,0,0,0,1
56,64,10,3.4,0,0,0,1
18,44,4,4.7,0,0,0,1
49,94,8,4.9,0,0,0,1
29,62,41,4.3,0,0,0,1
67,81,49,4.2,0,0,0,1
31,33,49,3.7,0,0,0,1
52,88,40,2.7,0,0,0,1
42,49,30,3.3,0,0,0,1
32,31,4,4.8,0,0,0,1
47,29,22,4.1,0,0,0,1
45,34,22,4.6,0,0,0,1
20,38,10,4.9,0,0,0,1
66,41,23,3.1,0,0,0,1
52,34,43,3.0,0,0,0,1
50,26,31,3.7,0,0,0,1
62,98,38,4.0,0,0,0,1
38,59,22,3.0,0,0,0,1
65,92,45,3.8,0,0,0,1
60,40,21,3.7,0,0,0,1
68,20,9,4.0,0,0,0,1
62,35,34,3.1,0,0,0,1
62,35,26,3.9,0,0,0,1
40,82,1,3.7,0,0,0,1
32,48,47,3.9,0,0,0,1
22,58,30,2.7,0,0,0,1
33,57,48,3.9,0,0,0,1
57,96,31,2.6,0,0,0,1
60,97,33,3.5,0,0,0,1
30,42,39,4.4,0,0,0,1
41,62,46,4.9,0,0,0,1
58,67,24,3.9,0,0,0,1
34,46,37,3.5,0,0,0,1
67,71,7,4.3,0,0,0,1
58,99,6,3.4,0,0,0,1
41,28,16,2.7,0,0,0,1
42,77,33,3.6,0,0,0,1
50,63,18,4.9,0,0,0,1
40,62,24,3.5,0,0,0,1
32,92,24,3.8,0,0,0,1
51,72,48,4.5,0,0,0,1
26,79,4,4.0,0,0,0,1
32,27,20,4.7,0,0,0,1
58,39,47,3.8,0,0,0,1
51,86,50,4.5,0,0,0,1
19,94,31,5.0,0,0,0,1
57,53,29,2.8,0,0,0,1
66,85,4,4.4,0,0,0,1
62,50,40,4.7,0,0,0,1
58,47,31,3.8,0,0,0,1
23,75,41,4.9,0,0,0,1
45,60,44,4.2,0,0,0,1
20,36,31,4.9,0,0,0,1
33,80,45,3.9,0,0,0,1
30,96,50,4.9,0,0,0,1
50,80,7,4.8,0,0,0,1
62,71,5,3.3,0,0,0,1
69,29,48,4.6,0,0,0,1
34,53,19,4.5,0,0,0,1
49,35,39,4.1,0,0,0,1
65,75,45,3.2,0,0,0,1
66,52,35,4.2,0,0,0,1
41,77,8,4.8,0,0,0,1
37,24,11,4.1,0,0,0,1
32,78,32,3.7,0,0,0,1
42,98,46,2.6,0,0,0,1
31,57,7,3.0,0,0,0,1
61,78,1,4.4,0,0,0,1
36,76,32,4.7,0,0,0,1
60,26,31,2.7,0,0,0,1
51,78,39,2.8,0,0,0,1
68,53,9,2.9,0,0,0,1
46,100,49,4.4,0,0,0,1
19,73,34,2.7,0,0,0,1
30,40,35,4.5,0,0,0,1
51,76,50,2.8,0,0,0,1
28,80,4,3.1,0,0,0,1
41,80,32,3.8,0,0,0,1
29,67,11,2.9,0,0,0,1
25,61,49,3.8,0,0,0,1
60,76,9,4.7,0,0,0,1
63,55,30,3.2,0,0,0,1
51,85,33,4.0,0,0,0,1
22,69,8,4.9,0,0,0,1
54,26,29,3.7,0,0,0,1
18,64,4,4.8,0,0,0,1
29,60,19,3.6,0,0,0,1
59,36,10,4.6,0,0,0,1
25,21,39,4.3,0,0,0,1
19,72,21,3.2,0,0,0,1
56,62,12,3.8,0,0,0,1
31,44,9,4.2,0,0,0,1
45,52,20,3.4,0,0,0,1
23,58,44,4.7,0,0,0,1
18,77,16,3.9,0,0,0,1
43,99,27,4.3,0,0,0,1
56,96,14,2.7,0,0,0,1
43,64,24,4.6,0,0,0,1
64,44,49,2.9,0,0,0,1
67,33,14,3.6,0,0,0,1
63,71,6,3.9,0,0,0,1
54,36,20,2.6,0,0,0,1
69,62,3,3.6,0,0,0,1
34,29,5,3.4,0,0,0,1
56,33,46,3.5,0,0,0,1
34,33,8,3.1,0,0,0,1
58,41,13,4.3,0,0,0,1
44,54,25,5.0,0,0,0,1
25,58,39,4.9,0,0,0,1
27,30,15,4.3,0,0,0,1
26,53,35,4.4,0,0,0,1
18,91,46,4.4,0,0,0,1
64,44,3,3.5,0,0,0,1
62,89,48,3.4,0,0,0,1
59,57,27,2.5,0,0,0,1
36,57,5,3.4,0,0,0,1
69,74,48,2.6,0,0,0,1
39,30,12,4.6,0,0,0,1
28,20,10,3.7,0,0,0,1
42,90,48,2.5,0,0,0,1
31,61,3,4.5,0,0,0,1
57,51,19,2.9,0,0,0,1
53,97,11,2.9,0,0,0,1
59,97,25,3.5,0,0,0,1
32,40,42,4.2,0,0,0,1
65,85,34,3.3,0,0,0,1
56,76,50,3.9,0,0,0,1
31,22,21,5.0,0,0,0,1
59,63,37,3.3,0,0,0,1
22,71,46,4.2,0,0,0,1
47,35,14,4.9,0,0,0,1
23,30,24,4.6,0,0,0,1
69,74,36,4.8,0,0,0,1
18,71,19,2.7,0,0,0,1
50,84,12,4.3,0,0,0,1
29,38,13,3.8,0,0,0,1
65,81,32,4.9,0,0,0,1
29,56,5,3.4,0,0,0,1
49,48,29,3.6,0,0,0,1
28,97,40,3.4,0,0,0,1
51,74,44,4.7,0,0,0,1
26,50,3,3.0,0,0,0,1
38,71,35,3.4,0,0,0,1
35,33,33,4.6,0,0,0,1
34,56,20,3.1,0,0,0,1
51,84,40,2.8,0,0,0,1
47,36,13,3.5,0,0,0,1
18,63,9,4.6,0,0,0,1
64,36,7,4.3,0,0,0,1
30,63,42,4.8,0,0,0,1
59,32,44,2.9,0,0,0,1
66,93,6,3.0,0,0,0,1
40,29,8,2.9,0,0,0,1
25,92,10,3.7,0,0,0,1
59,33,46,4.7,0,0,0,1
66,52,26,3.5,0,0,0,1
54,42,6,2.7,0,0,0,1
42,36,47,5.0,0,0,0,1
48,67,28,4.1,0,0,0,1
34,43,23,2.7,0,0,0,1
19,68,45,4.8,0,0,0,1
70,60,44,4.3,0,0,0,1
43,53,11,4.5,0,0,0,1
46,23,39,3.8,0,0,0,1
66,57,20,3.7,0,0,0,1
50,89,48,3.9,0,0,0,1
55,99,46,3.3,0,0,0,1
63,28,22,3.4,0,0,0,1
32,53,45,3.8,0,0,0,1
30,45,49,2.7,0,0,0,1
35,38,9,2.9,0,0,0,1
59,49,41,4.5,0,0,0,1
59,32,2,2.6,0,0,0,1
54,37,39,3.1,0,0,0,1
63,80,12,4.7,0,0,0,1
43,78,26,4.6,0,0,0,1
33,53,32,2.7,0,0,0,1
57,82,50,4.6,0,0,0,1
25,33,3,4.8,0,0,0,1
26,77,3,4.2,0,0,0,1
50,56,37,4.9,0,0,0,1
70,37,20,4.9,0,0,0,1
68,54,26,4.5,0,0,0,1
39,67,47,2.7,0,0,0,1
46,90,7,3.1,0,0,0,1
57,72,40,3.3,0,0,0,1
47,59,45,2.6,0,0,0,1
40,45,20,4.4,0,0,0,1
52,30,11,3.9,0,0,0,1
40,51,50,4.6,0,0,0,1
67,90,25,4.9,0,0,0,1
67,95,5,3.7,0,0,0,1
37,81,4,3.7,0,0,0,1
67,70,25,4.2,0,0,0,1
64,32,11,3.5,0,0,0,1
28,94,4,2.9,0,0,0,1
54,29,1,3.4,0,0,0,1
54,31,48,3.3,0,0,0,1
24,20,9,4.5,0,0,0,1
27,44,2,4.6,0,0,0,1
53,77,4,2.9,0,0,0,1
32,51,43,3.2,0,0,0,1
24,49,32,2.6,0,0,0,1
45,78,1,3.8,0,0,0,1
49,98,38,2.8,0,0,0,1
51,94,25,4.4,0,0,0,1
69,91,42,4.7,0,0,0,1
41,77,32,2.7,0,0,0,1
59,97,21,2.6,0,0,0,1
26,58,26,3.4,0,0,0,1
23,97,6,3.9,0,0,0,1
62,48,14,3.4,0,0,0,1
69,23,4,3.4,0,0,0,1
46,79,26,3.9,0,0,0,1
35,42,39,4.0,0,0,0,1
32,95,15,3.4,0,0,0,1
46,29,1,3.7,0,0,0,1
33,98,28,4.9,0,0,0,1
32,96,17,5.0,0,0,0,1
33,66,24,2.9,0,0,0,1
67,80,29,3.0,0,0,0,1
67,27,18,3.3,0,0,0,1
42,25,10,4.7,0,0,0,1
20,45,19,3.4,0,0,0,1
39,89,26,4.6,0,0,0,1
26,27,25,3.6,0,0,0,1
51,90,2,2.6,0,0,0,1
31,65,19,2.7,0,0,0,1
68,72,32,3.1,0,0,0,1
44,70,13,3.2,0,0,0,1
18,82,30,3.4,0,0,0,1
58,97,2,4.4,0,0,0,1
26,25,8,3.2,0,0,0,1
57,48,27,2.5,0,0,0,1
37,99,26,3.8,0,0,0,1
24,21,3,4.4,0,0,0,1
57,94,4,3.7,0,0,0,1
48,53,5,3.2,0,0,0,1
39,70,25,4.9,0,0,0,1
51,26,47,3.9,0,0,0,1
57,82,8,4.5,0,0,0,1
53,47,20,3.4,0,0,0,1
70,32,42,4.1,0,0,0,1
60,97,20,4.5,0,0,0,1
31,68,23,4.7,0,0,0,1
41,23,26,4.8,0,0,0,1
62,33,48,4.4,0,0,0,1
59,38,16,4.0,0,0,0,1
46,68,28,4.1,0,0,0,1
62,23,39,3.7,0,0,0,1
42,29,43,3.0,0,0,0,1
37,35,45,3.6,0,0,0,1
50,73,50,4.8,0,0,0,1
29,84,10,3.7,0,0,0,1
25,23,40,4.6,0,0,0,1
66,67,38,2.8,0,0,0,1
21,51,2,4.0,0,0,0,1
46,36,13,4.2,0,0,0,1
57,55,33,3.6,0,0,0,1
61,30,27,2.9,0,0,0,1
53,70,43,4.1,0,0,0,1
37,63,46,3.1,0,0,0,1
39,87,7,4.3,0,0,0,1
53,70,35,4.4,0,0,0,1
35,51,31,3.1,0,0,0,1
69,25,42,2.9,0,0,0,1
66,32,14,3.2,0,0,0,1
19,52,35,4.0,0,0,0,1
47,33,49,2.7,0,0,0,1
49,68,17,3.0,0,0,0,1
31,20,26,4.4,0,0,0,1
39,32,30,2.8,0,0,0,1
58,82,32,3.1,0,0,0,1
45,64,35,3.9,0,0,0,1
68,24,15,2.7,0,0,0,1
35,96,10,3.4,0,0,0,1
65,94,14,3.8,0,0,0,1
45,48,30,3.7,0,0,0,1
19,60,16,4.5,0,0,0,1
65,56,14,2.9,0,0,0,1
28,33,28,3.4,0,0,0,1
55,46,29,4.4,0,0,0,1
66,37,5,4.2,0,0,0,1
29,98,17,3.3,0,0,0,1
56,50,50,3.7,0,0,0,1
21,63,23,3.2,0,0,0,1
32,70,22,2.6,0,0,0,1
54,63,15,2.8,0,0,0,1
61,86,32,2.9,0,0,0,1
31,99,5,4.0,0,0,0,1
27,40,6,2.9,0,0,0,1
64,92,44,4.7,0,0,0,1
60,21,23,3.1,0,0,0,1
70,81,44,3.9,0,0,0,1
36,82,3,3.4,0,0,0,1
56,88,14,3.1,0,0,0,1
69,100,37,4.8,0,0,0,1
39,66,22,3.9,0,0,0,1
38,25,2,3.5,0,0,0,1
36,53,44,3.1,0,0,0,1
46,28,49,4.7,0,0,0,1
59,23,22,4.6,0,0,0,1
64,34,26,3.3,0,0,0,1
49,42,40,3.2,0,0,0,1
32,24,16,3.1,0,0,0,1
29,47,17,3.5,0,0,0,1
24,78,48,4.3,0,0,0,1
41,89,28,2.9,0,0,0,1
41,59,26,2.7,0,0,0,1
32,94,43,4.0,0,0,0,1
69,49,38,4.6,0,0,0,1
65,89,36,4.7,0,0,0,1
54,91,1,4.7,0,0,0,1
39,89,49,4.0,0,0,0,1
37,57,41,3.6,0,0,0,1
51,71,21,3.4,0,0,0,1
26,97,24,3.0,0,0,0,1
42,45,27,2.6,0,0,0,1
21,91,4,4.2,0,0,0,1
53,25,19,3.4,0,0,0,1
36,63,1,4.0,0,0,0,1
21,52,27,4.7,0,0,0,1
33,43,5,3.9,0,0,0,1
49,28,20,3.3,0,0,0,1
31,78,50,2.9,0,0,0,1
68,31,36,4.4,0,0,0,1
49,23,12,3.6,0,0,0,1
23,25,23,4.5,0,0,0,1
30,86,21,3.7,0,0,0,1
53,88,47,2.8,0,0,0,1
65,35,38,4.5,0,0,0,1
60,34,40,4.4,0,0,0,1
46,75,35,3.3,0,0,0,1
54,46,4,4.2,0,0,0,1
59,31,28,2.7,0,0,0,1
52,93,36,3.9,0,0,0,1
41,85,15,2.6,0,0,0,1
43,68,7,4.5,0,0,0,1
63,40,29,2.7,0,0,0,1
37,51,12,2.9,0,0,0,1
44,85,16,3.4,0,0,0,1
67,23,50,2.9,0,0,0,1
27,28,11,3.8,0,0,0,1
60,44,28,4.2,0,0,0,1
58,57,36,3.5,0,0,0,1
53,98,38,3.1,0,0,0,1
43,68,32,3.5,0,0,0,1
32,36,42,4.0,0,0,0,1
54,71,22,3.7,0,0,0,1
47,60,22,4.2,0,0,0,1
57,87,31,4.8,0,0,0,1
63,38,28,4.1,0,0,0,1
70,45,40,4.5,0,0,0,1
62,47,21,2.7,0,0,0,1
40,57,12,2.8,0,0,0,1
25,68,33,3.7,0,0,0,1
19,52,9,3.6,0,0,0,1
25,87,15,4.7,0,0,0,1
21,34,13,3.8,0,0,0,1
55,41,35,2.9,0,0,0,1
34,94,1,4.6,0,0,0,1
47,93,25,2.8,0,0,0,1
27,51,20,4.6,0,0,0,1
67,42,36,2.8,0,0,0,1
40,95,33,3.0,0,0,0,1
53,90,36,3.7,0,0,0,1
24,98,32,4.1,0,0,0,1
47,39,21,4.3,0,0,0,1
53,66,48,3.8,0,0,0,1
47,23,25,3.7,0,0,0,1
38,73,32,4.8,0,0,0,1
48,23,45,4.6,0,0,0,1
47,43,4,4.8,0,0,0,1
19,45,19,4.6,0,0,0,1
38,21,1,4.0,0,0,0,1
57,40,12,2.6,0,0,0,1
70,58,18,2.6,0,0,0,1
38,48,43,4.5,0,0,0,1
35,94,31,4.2,0,0,0,1
46,74,33,3.4,0,0,0,1
32,51,46,3.7,0,0,0,1
38,83,41,3.6,0,0,0,1
41,68,41,4.0,0,0,0,1
19,84,9,4.6,0,0,0,1
18,58,34,3.0,0,0,0,1
45,92,21,3.3,0,0,0,1
23,69,5,3.8,0,0,0,1
60,48,32,2.7,0,0,0,1
52,60,44,4.5,0,0,0,1
42,20,46,4.8,0,0,0,1
29,55,42,4.2,0,0,0,1
31,88,50,3.5,0,0,0,1
30,48,33,4.9,0,0,0,1
23,74,32,4.1,0,0,0,1
31,42,32,2.9,0,0,0,1
40,32,37,4.0,0,0,0,1
39,98,9,4.6,0,0,0,1
28,89,6,2.8,0,0,0,1
23,97,36,5.0,0,0,0,1
42,49,1,2.9,0,0,0,1
68,50,48,3.3,0,0,0,1
24,91,44,3.4,0,0,0,1
24,93,9,3.0,0,0,0,1
21,98,32,4.7,0,0,0,1
49,82,14,2.9,0,0,0,1
41,37,43,4.1,0,0,0,1
22,63,32,3.2,0,0,0,1
42,99,26,2.7,0,0,0,1
30,37,2,4.7,0,0,0,1
38,34,16,3.2,0,0,0,1
40,32,50,2.5,0,0,0,1
55,23,6,4.3,0,0,0,1
37,78,20,4.4,0,0,0,1
41,54,9,4.7,0,0,0,1
38,94,47,4.0,0,0,0,1
42,75,33,4.6,0,0,0,1
26,69,46,3.8,0,0,0,1
41,35,9,3.2,0,0,0,1
27,78,8,5.0,0,0,0,1
61,29,48,3.5,0,0,0,1
58,62,2,3.7,0,0,0,1
25,58,31,4.8,0,0,0,1
33,88,40,3.7,0,0,0,1
57,80,35,3.5,0,0,0,1
39,47,40,4.9,0,0,0,1
60,51,27,4.7,0,0,0,1
39,25,10,4.9,0,0,0,1
42,36,23,4.3,0,0,0,1
53,79,32,3.1,0,0,0,1
20,41,6,3.4,0,0,0,1
46,68,27,2.7,0,0,0,1
46,51,25,2.6,0,0,0,1
69,38,11,2.9,0,0,0,1
28,46,23,2.7,0,0,0,1
42,20,44,4.5,0,0,0,1
30,25,35,3.1,0,0,0,1
50,89,45,3.2,0,0,0,1
59,77,22,3.3,0,0,0,1
54,94,18,2.9,0,0,0,1
50,100,20,4.1,0,0,0,1
25,96,28,2.7,0,0,0,1
41,36,15,4.0,0,0,0,1
35,27,42,2.6,0,0,0,1
67,67,20,3.5,0,0,0,1
33,91,16,2.8,0,0,0,1
19,62,47,4.5,0,0,0,1
25,88,34,3.0,0,0,0,1
32,66,30,4.4,0,0,0,1
30,65,5,4.7,0,0,0,1
18,25,38,4.3,0,0,0,1
38,64,18,4.8,0,0,0,1
22,72,28,4.8,0,0,0,1
40,74,42,4.4,0,0,0,1
54,50,5,3.7,0,0,0,1
70,97,50,3.9,0,0,0,1
52,36,33,3.8,0,0,0,1
34,49,1,4.1,0,0,0,1
65,64,14,4.0,0,0,0,1
38,31,48,4.5,0,0,0,1
35,66,26,4.0,0,0,0,1
40,82,44,4.5,0,0,0,1
23,88,18,2.7,0,0,0,1
45,34,31,3.8,0,0,0,1
40,84,18,3.8,0,0,0,1
42,96,41,3.8,0,0,0,1
57,71,18,4.3,0,0,0,1
18,77,3,3.5,0,0,0,1
18,66,5,3.8,0,0,0,1
56,21,13,3.7,0,0,0,1
35,37,22,4.8,0,0,0,1
49,90,45,4.9,0,0,0,1
49,96,39,4.3,0,0,0,1
34,37,18,4.4,0,0,0,1
63,66,19,3.4,0,0,0,1
42,45,29,4.3,0,0,0,1
41,89,19,4.6,0,0,0,1
26,94,22,3.8,0,0,0,1
48,96,21,3.9,0,0,0,1
62,31,22,2.6,0,0,0,1
24,79,44,4.2,0,0,0,1
48,39,42,4.6,0,0,0,1
31,22,33,5.0,0,0,0,1
41,32,6,4.2,0,0,0,1
24,71,44,4.3,0,0,0,1
60,96,24,3.3,0,0,0,1
38,82,16,4.9,0,0,0,1
58,76,12,4.4,0,0,0,1
53,22,50,3.1,0,0,0,1
44,40,42,3.5,0,0,0,1
51,92,50,3.9,0,0,0,1
36,94,10,3.9,0,0,0,1
20,44,32,4.3,0,0,0,1
32,49,37,3.8,0,0,0,1
66,26,15,2.7,0,0,0,1
49,38,27,4.4,0,0,0,1
27,72,7,3.5,0,0,0,1
29,99,49,3.4,0,0,0,1
29,38,44,4.0,0,0,0,1
55,96,13,4.8,0,0,0,1
57,27,38,4.5,0,0,0,1
29,24,10,4.4,0,0,0,1
31,82,25,4.1,0,0,0,1
25,56,18,4.6,0,0,0,1
61,25,6,3.8,0,0,0,1
53,67,35,2.9,0,0,0,1
22,21,31,2.8,0,0,0,1
28,27,41,3.0,0,0,0,1
18,97,8,4.2,0,0,0,1
44,45,34,4.1,0,0,0,1
32,63,20,4.1,0,0,0,1
34,100,38,4.6,0,0,0,1
67,38,35,2.5,0,0,0,1
66,45,6,3.0,0,0,0,1
28,91,50,3.8,0,0,0,1
70,82,47,4.1,0,0,0,1
37,48,23,3.3,0,0,0,1
28,30,13,5.0,0,0,0,1
43,34,31,3.8,0,0,0,1
37,68,16,3.3,0,0,0,1
54,95,40,5.0,0,0,0,1
50,22,45,2.9,0,0,0,1
46,88,50,2.5,0,0,0,1
60,83,1,4.7,0,0,0,1
40,87,10,2.9,0,0,0,1
64,57,48,3.7,0,0,0,1
18,88,38,4.4,0,0,0,1
37,20,21,2.9,0,0,0,1
36,39,38,3.6,0,0,0,1
51,71,31,4.8,0,0,0,1
26,73,9,4.7,0,0,0,1
68,63,47,2.6,0,0,0,1
27,78,8,3.4,0,0,0,1
28,96,30,3.5,0,0,0,1
49,81,22,3.4,0,0,0,1
70,95,3,5.0,0,0,0,1
30,68,15,4.6,0,0,0,1
27,28,10,4.8,0,0,0,1
19,30,19,3.7,0,0,0,1
64,31,36,4.7,0,0,0,1
42,95,12,4.4,0,0,0,1
69,79,49,3.5,0,0,0,1
28,39,7,3.8,0,0,0,1
47,34,28,4.7,0,0,0,1
69,28,30,3.1,0,0,0,1
56,38,29,5.0,0,0,0,1
28,55,9,3.7,0,0,0,1
50,31,27,3.0,0,0,0,1
39,84,21,4.5,0,0,0,1
35,93,36,4.7,0,0,0,1
59,28,19,3.5,0,0,0,1
44,55,47,4.4,0,0,0,1
66,63,38,2.6,0,0,0,1
20,94,22,4.2,0,0,0,1
45,36,29,2.6,0,0,0,1
49,97,42,4.8,0,0,0,1
60,63,47,2.9,0,0,0,1
61,77,10,4.3,0,0,0,1
36,53,10,2.6,0,0,0,1
33,77,1,3.8,0,0,0,1
49,79,7,4.2,0,0,0,1
31,37,10,3.9,0,0,0,1
19,94,11,3.1,0,0,0,1
39,76,5,3.6,0,0,0,1
66,68,21,4.0,0,0,0,1
25,65,24,3.4,0,0,0,1
63,24,37,2.6,0,0,0,1
56,31,22,4.5,0,0,0,1
20,89,16,4.9,0,0,0,1
58,49,44,4.4,0,0,0,1
34,92,14,3.5,0,0,0,1
28,32,23,3.3,0,0,0,1
22,67,46,3.1,0,0,0,1
37,64,46,4.2,0,0,0,1
54,84,16,4.9,0,0,0,1
65,34,40,3.9,0,0,0,1
57,26,21,4.2,0,0,0,1
38,50,25,4.9,0,0,0,1
70,46,25,2.8,0,0,0,1
56,71,25,4.1,0,0,0,1
56,78,27,4.8,0,0,0,1
22,35,12,4.1,0,0,0,1
57,58,27,3.0,0,0,0,1
53,67,40,4.2,0,0,0,1
53,93,38,3.8,0,0,0,1
19,81,44,3.3,0,0,0,1
49,80,27,4.7,0,0,0,1
44,64,30,4.3,0,0,0,1
27,41,24,2.7,0,0,0,1
60,79,38,4.2,0,0,0,1
62,60,4,4.2,0,0,0,1
52,91,32,2.5,0,0,0,1
30,66,32,3.6,0,0,0,1
66,85,28,3.4,0,0,0,1
29,38,6,3.3,0,0,0,1
24,23,24,4.6,0,0,0,1
51,71,38,3.9,0,0,0,1
67,25,28,3.7,0,0,0,1
50,39,9,3.1,0,0,0,1
37,20,21,4.9,0,0,0,1
69,73,31,4.7,0,0,0,1
60,63,18,2.9,0,0,0,1
21,94,5,4.1,0,0,0,1
44,94,22,4.0,0,0,0,1
26,71,37,2.7,0,0,0,1
40,77,22,4.0,0,0,0,1
41,66,36,2.5,0,0,0,1
62,23,23,4.5,0,0,0,1
39,60,44,3.9,0,0,0,1
53,72,25,4.9,0,0,0,1
24,35,40,3.3,0,0,0,1
41,31,12,3.8,0,0,0,1
19,33,14,2.9,0,0,0,1
36,95,14,4.0,0,0,0,1
21,68,10,4.1,0,0,0,1
25,87,17,3.1,0,0,0,1
65,64,24,4.6,0,0,0,1
42,74,31,4.6,0,0,0,1
40,62,36,2.6,0,0,0,1
58,97,38,5.0,0,0,0,1
40,47,23,2.9,0,0,0,1
62,83,47,3.5,0,0,0,1
38,82,20,3.7,0,0,0,1
37,26,41,2.9,0,0,0,1
65,81,44,4.3,0,0,0,1
55,44,31,3.2,0,0,0,1
43,88,11,4.2,0,0,0,1
43,76,25,4.2,0,0,0,1
45,89,31,3.8,0,0,0,1
64,22,40,4.4,0,0,0,1
28,33,23,3.1,0,0,0,1
69,97,5,5.0,0,0,0,1
54,57,26,4.7,0,0,0,1
52,38,11,3.0,0,0,0,1
23,55,44,4.2,0,0,0,1
26,37,47,3.0,0,0,0,1
48,43,46,3.7,0,0,0,1
49,96,35,2.7,0,0,0,1
53,51,8,4.3,0,0,0,1
69,95,30,2.7,0,0,0,1
26,26,14,3.7,0,0,0,1
21,34,30,4.3,0,0,0,1
59,83,26,4.0,0,0,0,1
21,24,32,3.3,0,0,0,1
22,69,47,4.0,0,0,0,1
26,40,11,2.7,0,0,0,1
41,87,28,4.2,0,0,0,1
37,46,2,4.6,0,0,0,1
30,82,45,4.8,0,0,0,1
49,81,7,2.8,0,0,0,1
49,57,28,4.5,0,0,0,1
58,49,34,3.0,0,0,0,1
70,42,26,4.6,0,0,0,1
27,26,45,3.3,0,0,0,1
65,38,34,4.4,0,0,0,1
57,57,47,4.4,0,0,0,1
20,100,42,4.3,0,0,0,1
34,73,27,3.4,0,0,0,1
59,66,43,2.8,0,0,0,1
54,73,16,3.4,0,0,0,1
36,45,40,5.0,0,0,0,1
21,27,29,4.5,0,0,0,1
52,24,38,2.7,0,0,0,1
43,59,34,3.4,0,0,0,1
32,20,30,3.4,0,0,0,1
55,44,45,2.8,0,0,0,1
31,90,47,4.7,0,0,0,1
45,36,5,4.7,0,0,0,1
53,95,50,4.7,0,0,0,1
24,30,24,3.4,0,0,0,1
47,65,15,3.7,0,0,0,1
63,96,50,4.1,0,0,0,1
38,65,7,2.9,0,0,0,1
59,47,10,3.2,0,0,0,1
54,25,38,3.0,0,0,0,1
26,56,31,4.1,0,0,0,1
68,76,7,4.5,0,0,0,1
41,60,27,3.4,0,0,0,1
68,67,45,4.1,0,0,0,1
21,95,13,4.6,0,0,0,1
32,72,33,4.6,0,0,0,1
20,98,25,3.4,0,0,0,1
59,83,5,3.3,0,0,0,1
53,37,23,3.6,0,0,0,1
66,85,17,4.6,0,0,0,1
47,36,14,4.3,0,0,0,1
58,36,28,4.0,0,0,0,1
28,86,19,4.8,0,0,0,1
68,99,31,4.3,0,0,0,1
60,21,25,3.3,0,0,0,1
47,84,4,2.8,0,0,0,1
18,63,20,4.4,0,0,0,1
32,84,37,3.7,0,0,0,1
27,72,28,3.6,0,0,0,1
65,21,6,3.7,0,0,0,1
68,92,27,5.0,0,0,0,1
55,72,29,2.7,0,0,0,1
30,83,1,4.3,0,0,0,1
24,73,31,4.1,0,0,0,1
57,98,28,2.6,0,0,0,1
23,76,19,3.2,0,0,0,1
69,43,36,3.5,0,0,0,1
60,60,28,3.7,0,0,0,1
25,40,29,3.8,0,0,0,1
18,93,9,4.8,0,0,0,1
37,98,26,4.2,0,0,0,1
61,91,7,2.9,0,0,0,1
41,92,35,2.9,0,0,0,1
69,87,46,4.8,0,0,0,1
32,96,8,2.9,0,0,0,1
60,97,50,4.8,0,0,0,1
43,55,37,4.6,0,0,0,1
61,58,6,4.4,0,0,0,1
57,21,16,3.0,0,0,0,1
56,82,30,4.4,0,0,0,1
66,34,50,3.9,0,0,0,1
52,78,5,4.0,0,0,0,1
63,47,15,2.5,0,0,0,1
50,96,34,4.1,0,0,0,1
21,23,6,4.8,0,0,0,1
42,27,26,2.6,0,0,0,1
40,37,34,3.1,0,0,0,1
67,79,37,3.2,0,0,0,1
35,40,28,4.2,0,0,0,1
18,39,38,2.6,0,0,0,1
52,73,2,3.1,0,0,0,1
59,84,32,2.9,0,0,0,1
49,94,30,4.6,0,0,0,1
46,47,17,4.1,0,0,0,1
69,77,5,2.5,0,0,0,1
56,94,31,4.0,0,0,0,1
27,75,43,3.5,0,0,0,1
57,82,19,4.4,0,0,0,1
58,36,32,2.9,0,0,0,1
23,90,5,3.1,0,0,0,1
19,48,9,4.4,0,0,0,1
40,42,48,4.4,0,0,0,1
54,33,1,2.7,0,0,0,1
50,63,20,4.9,0,0,0,1
69,53,42,3.5,0,0,0,1
42,37,45,4.8,0,0,0,1
37,92,41,4.2,0,0,0,1
46,73,36,4.6,0,0,0,1
64,38,10,2.9,0,0,0,1
20,51,31,4.0,0,0,0,1
40,90,21,4.9,0,0,0,1
64,56,16,3.1,0,0,0,1
29,33,18,4.4,0,0,0,1
20,53,20,2.5,0,0,0,1
43,24,21,3.4,0,0,0,1
60,59,23,3.7,0,0,0,1
39,72,20,4.2,0,0,0,1
47,28,30,3.4,0,0,0,1
19,36,33,3.6,0,0,0,1
52,47,31,4.7,0,0,0,1
34,62,48,4.7,0,0,0,1
25,98,28,3.6,0,0,0,1
43,28,7,4.6,0,0,0,1
55,86,4,2.6,0,0,0,1
66,46,49,3.1,0,0,0,1
41,42,22,3.2,0,0,0,1
47,80,39,3.9,0,0,0,1
51,39,45,4.9,0,0,0,1
44,49,30,4.1,0,0,0,1
18,32,33,4.2,0,0,0,1
33,73,24,4.1,0,0,0,1
24,42,11,3.9,0,0,0,1
33,58,13,2.7,0,0,0,1
61,22,27,3.7,0,0,0,1
27,56,30,2.7,0,0,0,1
46,70,39,2.5,0,0,0,1
38,50,10,3.9,0,0,0,1
63,21,4,3.0,0,0,0,1
47,97,16,3.2,0,0,0,1
42,63,34,3.8,0,0,0,1
41,60,11,2.7,0,0,0,1
53,52,30,3.0,0,0,0,1
29,32,40,4.1,0,0,0,1
61,48,13,3.2,0,0,0,1
69,25,28,4.5,0,0,0,1
51,68,49,4.3,0,0,0,1
24,74,23,3.5,0,0,0,1
24,88,4,3.1,0,0,0,1
70,23,17,3.9,0,0,0,1
49,32,24,2.7,0,0,0,1
48,71,21,4.0,0,0,0,1
58,62,17,2.7,0,0,0,1
32,20,22,2.7,0,0,0,1
57,62,27,4.7,0,0,0,1
69,81,1,4.5,0,0,0,1
42,90,27,3.0,0,0,0,1
30,43,8,3.6,0,0,0,1
35,38,43,3.3,0,0,0,1
19,25,24,4.3,0,0,0,1
52,98,29,4.3,0,0,0,1
42,75,10,4.8,0,0,0,1
36,27,12,4.0,0,0,0,1
45,27,48,3.5,0,0,0,1
54,42,40,3.9,0,0,0,1
54,90,1,4.4,0,0,0,1
27,63,26,4.6,0,0,0,1
53,96,9,4.0,0,0,0,1
20,40,19,4.2,0,0,0,1
52,39,37,4.5,0,0,0,1
54,48,3,3.9,0,0,0,1
65,20,40,3.7,0,0,0,1
43,29,13,3.6,0,0,0,1
57,81,48,4.7,0,0,0,1
19,98,4,3.6,0,0,0,1
69,93,9,2.5,0,0,0,1
26,30,26,2.9,0,0,0,1
57,37,19,4.4,0,0,0,1
20,28,1,4.6,0,0,0,1
55,29,29,3.7,0,0,0,1
44,49,38,3.2,0,0,0,1
52,53,31,4.9,0,0,0,1
57,66,35,5.0,0,0,0,1
40,61,40,3.3,0,0,0,1
23,23,13,4.4,0,0,0,1
36,36,9,4.7,0,0,0,1
59,81,25,3.6,0,0,0,1
29,56,3,3.2,0,0,0,1
63,78,35,3.0,0,0,0,1
60,25,13,4.4,0,0,0,1
64,86,31,3.3,0,0,0,1
63,99,48,3.4,0,0,0,1
21,83,6,3.9,0,0,0,1
61,33,43,2.9,0,0,0,1
65,44,1,2.9,0,0,0,1
69,58,8,2.7,0,0,0,1
47,54,6,3.4,0,0,0,1
41,93,32,3.7,0,0,0,1
68,98,46,4.7,0,0,0,1
41,36,38,3.1,0,0,0,1
42,68,48,4.2,0,0,0,1
66,95,18,3.0,0,0,0,1
66,93,25,3.1,0,0,0,1
33,99,4,4.2,0,0,0,1
55,22,27,3.8,0,0,0,1
58,88,14,2.9,0,0,0,1
18,65,36,4.2,0,0,0,1
49,62,6,3.1,0,0,0,1
61,55,46,3.6,0,0,0,1
31,97,29,4.8,0,0,0,1
70,77,12,4.1,0,0,0,1
68,40,47,3.9,0,0,0,1
27,23,28,3.0,0,0,0,1
48,46,21,3.0,0,0,0,1
63,75,15,4.9,0,0,0,1
49,76,38,4.8,0,0,0,1
19,59,19,3.3,0,0,0,1
30,51,31,2.7,0,0,0,1
50,46,30,4.2,0,0,0,1
66,26,40,3.6,0,0,0,1
25,51,42,3.8,0,0,0,1
61,44,25,3.8,0,0,0,1
29,82,20,4.2,0,0,0,1
53,44,3,2.7,0,0,0,1
24,27,14,5.0,0,0,0,1
51,90,32,4.7,0,0,0,1
26,58,20,3.2,0,0,0,1
59,80,34,2.9,0,0,0,1
41,40,6,4.2,0,0,0,1
20,23,2,3.7,0,0,0,1
22,34,35,4.2,0,0,0,1
18,35,33,2.6,0,0,0,1
30,75,45,4.0,0,0,0,1
25,60,20,2.7,0,0,0,1
39,87,48,4.0,0,0,0,1
49,41,37,2.9,0,0,0,1
25,83,4,3.3,0,0,0,1
23,81,24,4.0,0,0,0,1
33,56,4,3.9,0,0,0,1
60,58,25,3.3,0,0,0,1
51,84,14,3.9,0,0,0,1
23,21,14,3.9,0,0,0,1
20,35,46,4.2,0,0,0,1
51,43,27,4.6,0,0,0,1
23,20,46,3.3,0,0,0,1
67,36,24,4.8,0,0,0,1
23,70,4,4.1,0,0,0,1
26,83,2,3.4,0,0,0,1
52,76,29,3.6,0,0,0,1
52,81,7,2.7,0,0,0,1
52,47,39,3.2,0,0,0,1
35,35,46,4.4,0,0,0,1
24,85,44,4.9,0,0,0,1
43,96,20,4.8,0,0,0,1
25,98,44,2.8,0,0,0,1
46,52,23,2.9,0,0,0,1
22,84,37,3.2,0,0,0,1
70,71,4,3.5,0,0,0,1
49,95,14,4.1,0,0,0,1
48,47,31,4.1,0,0,0,1
59,75,9,4.8,0,0,0,1
39,28,31,2.8,0,0,0,1
30,44,26,4.7,0,0,0,1
37,64,41,4.8,0,0,0,1
56,28,13,2.9,0,0,0,1
67,21,4,2.6,0,0,0,1
40,41,15,3.3,0,0,0,1
24,38,38,3.4,0,0,0,1
43,77,3,3.6,0,0,0,1
45,43,6,3.8,0,0,0,1
33,91,34,3.4,0,0,0,1
53,68,7,3.8,0,0,0,1
44,37,21,3.3,0,0,0,1
23,23,17,4.8,0,0,0,1
59,65,5,3.9,0,0,0,1
68,30,21,4.2,0,0,0,1
46,45,42,4.7,0,0,0,1
56,25,49,2.7,0,0,0,1
40,72,33,3.8,0,0,0,1
61,75,12,3.6,0,0,0,1
53,63,18,2.9,0,0,0,1
29,35,47,3.9,0,0,0,1
44,32,18,4.7,0,0,0,1
43,25,48,3.3,0,0,0,1
40,90,18,4.2,0,0,0,1
55,70,46,2.6,0,0,0,1
66,27,34,4.9,0,0,0,1
50,92,10,3.6,0,0,0,1
57,20,12,4.7,0,0,0,1
42,52,36,3.2,0,0,0,1
55,57,34,3.6,0,0,0,1
25,96,49,3.6,0,0,0,1
22,68,36,3.2,0,0,0,1
49,30,18,2.8,0,0,0,1
70,37,39,4.0,0,0,0,1
56,42,34,4.4,0,0,0,1
52,54,35,3.4,0,0,0,1
65,81,1,5.0,0,0,0,1
24,40,48,3.1,0,0,0,1
32,88,19,4.2,0,0,0,1
57,94,44,3.3,0,0,0,1
35,54,9,2.9,0,0,0,1
69,51,3,4.7,0,0,0,1
30,22,50,4.0,0,0,0,1
37,95,7,4.6,0,0,0,1
19,57,20,3.8,0,0,0,1
53,45,16,3.6,0,0,0,1
25,92,29,4.1,0,0,0,1
47,40,21,2.7,0,0,0,1
18,62,19,4.3,0,0,0,1
22,90,10,4.9,0,0,0,1
69,82,4,4.2,0,0,0,1
55,52,45,2.8,0,0,0,1
19,70,17,4.9,0,0,0,1
23,83,22,2.8,0,0,0,1
54,49,3,2.9,0,0,0,1
52,91,11,2.5,0,0,0,1
64,99,4,2.7,0,0,0,1
33,92,11,3.3,0,0,0,1
40,87,47,3.7,0,0,0,1
26,28,17,4.0,0,0,0,1
31,71,32,4.1,0,0,0,1
23,32,37,4.1,0,0,0,1
52,33,44,2.5,0,0,0,1
21,75,27,4.2,0,0,0,1
31,83,46,4.7,0,0,0,1
63,93,13,2.7,0,0,0,1
46,29,2,3.0,0,0,0,1
44,25,45,4.8,0,0,0,1
57,76,35,4.4,0,0,0,1
50,81,39,4.3,0,0,0,1
33,80,39,2.5,0,0,0,1
19,70,34,4.9,0,0,0,1
68,81,41,4.9,0,0,0,1
27,86,47,3.9,0,0,0,1
61,94,17,4.1,0,0,0,1
38,66,40,3.3,0,0,0,1
28,98,44,4.1,0,0,0,1
39,25,21,3.7,0,0,0,1
18,62,21,3.1,0,0,0,1
24,98,16,3.0,0,0,0,1
64,53,15,3.4,0,0,0,1
51,66,26,2.7,0,0,0,1
27,52,50,3.1,0,0,0,1
48,64,30,4.0,0,0,0,1
69,59,48,3.6,0,0,0,1
59,61,21,3.6,0,0,0,1
59,97,18,3.3,0,0,0,1
42,23,41,4.1,0,0,0,1
39,98,11,4.3,0,0,0,1
32,98,8,3.2,0,0,0,1
68,59,42,3.9,0,0,0,1
41,82,41,5.0,0,0,0,1
31,82,3,3.4,0,0,0,1
58,41,10,3.8,0,0,0,1
28,52,35,2.9,0,0,0,1
63,41,2,2.6,0,0,0,1
64,70,24,4.3,0,0,0,1
66,91,47,2.8,0,0,0,1
31,95,31,4.5,0,0,0,1
55,25,28,3.8,0,0,0,1
32,89,13,3.0,0,0,0,1
50,44,22,3.3,0,0,0,1
58,52,12,3.1,0,0,0,1
18,94,10,3.5,0,0,0,1
39,98,45,4.6,0,0,0,1
56,40,42,4.1,0,0,0,1
37,25,16,3.6,0,0,0,1
46,62,6,2.9,0,0,0,1
52,24,28,4.8,0,0,0,1
70,57,24,3.2,0,0,0,1
61,66,14,4.3,0,0,0,1
33,70,29,4.1,0,0,0,1
65,39,33,4.6,0,0,0,1
41,34,30,3.8,0,0,0,1
19,38,26,4.5,0,0,0,1
33,70,12,3.1,0,0,0,1
53,80,13,2.9,0,0,0,1
54,51,41,3.8,0,0,0,1
36,79,4,4.1,0,0,0,1
56,92,2,3.1,0,0,0,1
28,85,28,5.0,0,0,0,1
34,63,24,4.5,0,0,0,1
43,60,14,2.8,0,0,0,1
54,44,11,3.2,0,0,0,1
37,57,27,3.1,0,0,0,1
33,24,7,3.3,0,0,0,1
33,35,49,3.4,0,0,0,1
55,73,21,3.8,0,0,0,1
63,42,10,3.5,0,0,0,1
52,20,37,4.8,0,0,0,1
23,89,9,3.9,0,0,0,1
70,76,14,3.4,0,0,0,1
64,56,30,2.6,0,0,0,1
22,100,42,3.1,0,0,0,1
46,44,31,3.3,0,0,0,1
65,76,48,2.8,0,0,0,1
18,97,48,4.3,0,0,0,1
45,39,50,2.7,0,0,0,1
56,100,10,4.4,0,0,0,1
49,62,45,3.9,0,0,0,1
66,98,27,3.0,0,0,0,1
27,31,10,4.0,0,0,0,1
69,89,19,3.7,0,0,0,1
66,91,1,3.8,0,0,0,1
45,50,39,3.3,0,0,0,1
31,32,14,3.6,0,0,0,1
33,67,40,3.9,0,0,0,1
43,28,45,3.5,0,0,0,1
25,65,6,3.4,0,0,0,1
46,73,12,4.7,0,0,0,1
67,27,19,3.0,0,0,0,1
26,89,5,3.9,0,0,0,1
35,72,37,4.5,0,0,0,1
61,37,33,4.1,0,0,0,1
26,63,47,4.5,0,0,0,1
39,90,49,4.0,0,0,0,1
69,62,28,4.3,0,0,0,1
32,43,23,3.6,0,0,0,1
20,96,11,3.1,0,0,0,1
25,83,33,2.6,0,0,0,1
56,67,47,3.4,0,0,0,1
63,90,13,2.9,0,0,0,1
34,53,4,5.0,0,0,0,1
29,37,40,4.6,0,0,0,1
43,56,19,3.3,0,0,0,1
39,43,17,2.9,0,0,0,1
33,84,7,4.9,0,0,0,1
51,50,21,5.0,0,0,0,1
65,88,44,4.5,0,0,0,1
51,50,2,3.7,0,0,0,1
70,80,30,2.8,0,0,0,1
40,47,41,3.5,0,0,0,1
19,33,31,3.0,0,0,0,1
28,100,48,4.3,0,0,0,1
51,26,41,3.6,0,0,0,1
32,79,42,4.4,0,0,0,1
26,77,39,4.1,0,0,0,1
50,36,15,2.8,0,0,0,1
68,21,3,2.8,0,0,0,1
33,72,28,4.9,0,0,0,1
56,25,27,4.1,0,0,0,1
57,79,36,3.0,0,0,0,1
58,73,42,3.0,0,0,0,1
40,71,30,3.0,0,0,0,1
37,48,9,3.2,0,0,0,1
36,28,25,2.7,0,0,0,1
29,95,33,3.8,0,0,0,1
65,48,31,3.5,0,0,0,1
44,93,35,3.8,0,0,0,1
34,87,46,3.8,0,0,0,1
31,32,29,3.4,0,0,0,1
28,38,49,2.9,0,0,0,1
66,54,27,3.4,0,0,0,1
68,75,5,4.7,0,0,0,1
37,56,18,3.9,0,0,0,1
58,43,31,3.6,0,0,0,1
28,97,27,3.7,0,0,0,1
54,75,19,3.1,0,0,0,1
21,55,33,4.9,0,0,0,1
45,49,42,2.6,0,0,0,1
57,58,16,4.2,0,0,0,1
47,34,49,4.8,0,0,0,1
46,43,40,2.7,0,0,0,1
63,48,5,2.6,0,0,0,1
44,40,8,2.6,0,0,0,1
36,29,2,3.1,0,0,0,1
24,81,14,2.6,0,0,0,1
65,84,5,3.4,0,0,0,1
32,46,34,3.6,0,0,0,1
63,86,13,4.3,0,0,0,1
62,57,31,4.9,0,0,0,1
19,61,43,4.8,0,0,0,1
38,90,6,4.2,0,0,0,1
59,51,23,2.6,0,0,0,1
22,48,10,3.2,0,0,0,1
55,50,47,3.4,0,0,0,1
29,82,14,3.5,0,0,0,1
42,33,29,4.2,0,0,0,1
23,28,12,2.8,0,0,0,1
70,42,25,5.0,0,0,0,1
64,43,21,3.3,0,0,0,1
39,55,23,3.7,0,0,0,1
47,73,10,2.5,0,0,0,1
22,39,47,3.2,0,0,0,1
69,20,44,3.1,0,0,0,1
35,32,41,3.5,0,0,0,1
56,86,29,4.6,0,0,0,1
30,91,2,3.3,0,0,0,1
43,59,2,2.5,0,0,0,1
23,33,29,4.6,0,0,0,1
50,64,22,4.2,0,0,0,1
41,67,23,4.0,0,0,0,1
41,43,46,2.6,0,0,0,1
27,32,19,4.6,0,0,0,1
38,39,24,3.5,0,0,0,1
41,41,43,4.0,0,0,0,1
58,53,14,4.8,0,0,0,1
58,27,7,3.9,0,0,0,1
19,82,50,3.7,0,0,0,1
43,87,15,3.1,0,0,0,1
27,78,40,3.0,0,0,0,1
32,32,41,2.9,0,0,0,1
28,38,34,2.9,0,0,0,1
48,37,27,4.0,0,0,0,1
43,83,12,3.5,0,0,0,1
45,72,1,3.8,0,0,0,1
26,30,39,4.5,0,0,0,1
62,66,13,2.7,0,0,0,1
58,45,50,2.9,0,0,0,1
19,73,36,4.9,0,0,0,1
64,67,31,3.8,0,0,0,1
33,72,3,4.9,0,0,0,1
20,24,11,4.6,0,0,0,1
45,68,16,3.5,0,0,0,1
28,70,12,4.2,0,0,0,1
47,64,37,3.7,0,0,0,1
54,91,43,2.8,0,0,0,1
64,82,9,4.8,0,0,0,1
45,24,15,2.7,0,0,0,1
40,80,17,3.6,0,0,0,1
31,53,42,4.5,0,0,0,1
38,50,14,4.0,0,0,0,1
36,31,49,4.5,0,0,0,1
65,88,3,3.9,0,0,0,1
27,52,28,3.8,0,0,0,1
38,22,41,4.7,0,0,0,1
58,27,11,4.6,0,0,0,1
31,34,46,3.6,0,0,0,1
28,39,15,4.3,0,0,0,1
28,53,15,3.0,0,0,0,1
32,46,34,4.3,0,0,0,1
61,85,13,4.8,0,0,0,1
38,86,27,3.7,0,0,0,1
54,63,37,2.6,0,0,0,1
29,44,37,3.4,0,0,0,1
50,95,4,3.9,0,0,0,1
32,49,1,4.8,0,0,0,1
38,77,29,2.8,0,0,0,1
52,63,50,4.4,0,0,0,1
61,83,38,3.1,0,0,0,1
25,93,15,3.8,0,0,0,1
22,91,44,4.1,0,0,0,1
47,99,14,4.6,0,0,0,1
50,24,5,4.9,0,0,0,1
45,82,11,4.8,0,0,0,1
33,28,15,3.9,0,0,0,1
42,67,46,2.6,0,0,0,1
52,88,30,3.7,0,0,0,1
69,70,2,4.7,0,0,0,1
55,100,28,4.5,0,0,0,1
38,28,9,4.7,0,0,0,1
57,48,47,3.6,0,0,0,1
33,43,21,2.8,0,0,0,1
57,40,42,4.0,0,0,0,1
52,97,28,3.6,0,0,0,1
44,25,13,3.8,0,0,0,1
48,45,25,4.4,0,0,0,1
52,49,38,2.8,0,0,0,1
34,36,40,3.4,0,0,0,1
26,48,25,4.9,0,0,0,1
36,62,20,4.3,0,0,0,1
24,74,44,3.4,0,0,0,1
30,100,9,3.9,0,0,0,1
31,39,11,4.2,0,0,0,1
25,65,3,2.7,0,0,0,1
57,99,34,4.1,0,0,0,1
61,68,48,4.5,0,0,0,1
30,97,28,2.8,0,0,0,1
38,47,20,3.4,0,0,0,1
53,56,49,3.9,0,0,0,1
31,91,14,2.6,0,0,0,1
70,93,9,4.4,0,0,0,1
21,36,37,4.9,0,0,0,1
33,45,4,3.6,0,0,0,1
60,44,1,2.8,0,0,0,1
45,32,36,4.3,0,0,0,1
46,36,21,3.0,0,0,0,1
62,85,16,3.3,0,0,0,1
63,36,42,2.5,0,0,0,1
69,55,31,5.0,0,0,0,1
46,20,6,4.3,0,0,0,1
69,91,24,4.2,0,0,0,1
66,71,7,3.9,0,0,0,1
41,64,25,3.9,0,0,0,1
32,21,18,4.2,0,0,0,1
69,100,14,3.5,0,0,0,1
29,96,42,2.5,0,0,0,1
70,91,6,2.9,0,0,0,1
41,40,14,2.7,0,0,0,1
31,53,30,4.7,0,0,0,1
31,48,10,3.8,0,0,0,1
57,70,7,3.7,0,0,0,1
29,29,28,4.7,0,0,0,1
70,29,19,3.6,0,0,0,1
51,53,13,2.8,0,0,0,1
45,79,23,3.7,0,0,0,1
18,65,5,3.5,0,0,0,1
37,99,17,3.7,0,0,0,1
23,60,31,3.0,0,0,0,1
39,86,19,4.9,0,0,0,1
62,73,8,4.6,0,0,0,1
70,45,15,3.3,0,0,0,1
20,70,18,3.0,0,0,0,1
42,65,16,3.5,0,0,0,1
41,55,13,4.2,0,0,0,1
24,65,38,4.5,0,0,0,1
37,21,27,2.8,0,0,0,1
30,26,31,4.9,0,0,0,1
58,71,24,3.3,0,0,0,1
43,41,21,3.0,0,0,0,1
19,44,15,3.9,0,0,0,1
23,81,48,2.8,0,0,0,1
65,77,47,4.5,0,0,0,1
58,26,23,4.0,0,0,0,1
50,31,4,2.9,0,0,0,1
67,82,47,4.0,0,0,0,1
40,60,7,3.4,0,0,0,1
55,70,6,2.5,0,0,0,1
52,26,47,2.8,0,0,0,1
62,100,7,3.0,0,0,0,1
64,82,1,3.1,0,0,0,1
43,24,23,2.6,0,0,0,1
61,74,30,4.9,0,0,0,1
26,58,24,3.5,0,0,0,1
22,56,9,2.6,0,0,0,1
51,37,25,3.5,0,0,0,1
69,64,18,4.5,0,0,0,1
50,58,7,4.3,0,0,0,1
51,44,2,4.8,0,0,0,1
56,39,36,4.2,0,0,0,1
59,48,31,3.2,0,0,0,1
18,32,10,4.1,0,0,0,1
48,79,27,4.0,0,0,0,1
53,27,14,2.9,0,0,0,1
45,98,17,2.6,0,0,0,1
21,67,10,2.7,0,0,0,1
42,37,4,4.6,0,0,0,1
60,49,25,3.2,0,0,0,1
21,74,3,4.1,0,0,0,1
69,93,47,3.9,0,0,0,1
40,60,41,3.0,0,0,0,1
31,76,28,3.6,0,0,0,1
44,64,49,4.6,0,0,0,1
48,38,7,4.5,0,0,0,1
32,91,22,3.2,0,0,0,1
42,70,34,4.9,0,0,0,1
27,22,5,5.0,0,0,0,1
69,59,15,3.8,0,0,0,1
67,22,26,3.4,0,0,0,1
41,74,3,3.8,0,0,0,1
46,71,42,3.2,0,0,0,1
47,80,1,4.7,0,0,0,1
33,59,20,4.5,0,0,0,1
51,96,39,3.3,0,0,0,1
26,43,24,3.9,0,0,0,1
22,76,49,3.6,0,0,0,1
49,59,7,2.8,0,0,0,1
58,48,13,4.3,0,0,0,1
70,22,2,3.5,0,0,0,1
32,40,4,4.2,0,0,0,1
62,73,17,4.6,0,0,0,1
52,26,43,2.6,0,0,0,1
23,41,6,3.4,0,0,0,1
26,98,46,3.1,0,0,0,1
58,63,7,3.6,0,0,0,1
26,55,34,4.2,0,0,0,1
54,90,21,3.6,0,0,0,1
66,46,13,3.6,0,0,0,1
60,88,33,3.0,0,0,0,1
32,95,24,2.5,0,0,0,1
48,31,4,4.0,0,0,0,1
69,42,5,4.1,0,0,0,1
64,44,11,4.9,0,0,0,1
56,99,20,4.0,0,0,0,1
22,20,28,3.5,0,0,0,1
46,37,43,3.2,0,0,0,1
24,50,10,2.8,0,0,0,1
47,73,26,3.5,0,0,0,1
62,84,29,3.1,0,0,0,1
34,64,35,3.3,0,0,0,1
50,21,23,4.6,0,0,0,1
29,36,15,4.9,0,0,0,1
68,81,46,3.4,0,0,0,1
52,54,14,3.5,0,0,0,1
29,63,17,4.8,0,0,0,1
22,59,9,2.7,0,0,0,1
62,53,13,3.4,0,0,0,1
69,63,20,3.5,0,0,0,1
48,33,39,3.7,0,0,0,1
66,64,50,3.3,0,0,0,1
42,98,21,2.9,0,0,0,1
50,85,3,3.9,0,0,0,1
32,82,9,2.7,0,0,0,1
51,85,29,4.3,0,0,0,1
27,37,42,3.0,0,0,0,1
43,56,41,5.0,0,0,0,1
48,33,17,2.7,0,0,0,1
62,57,20,4.7,0,0,0,1
65,31,18,4.6,0,0,0,1
50,69,7,3.2,0,0,0,1
60,92,47,4.3,0,0,0,1
19,46,2,4.6,0,0,0,1
21,81,25,4.9,0,0,0,1
19,97,26,3.8,0,0,0,1
46,93,2,2.6,0,0,0,1
21,56,45,4.7,0,0,0,1
26,53,9,4.1,0,0,0,1
50,66,1,3.7,0,0,0,1
43,50,4,3.0,0,0,0,1
61,97,31,4.7,0,0,0,1
63,79,21,4.7,0,0,0,1
46,76,32,4.0,0,0,0,1
63,38,16,2.6,0,0,0,1
23,45,34,3.0,0,0,0,1
57,77,40,3.3,0,0,0,1
57,51,4,3.4,0,0,0,1
33,26,3,4.0,0,0,0,1
57,76,28,2.6,0,0,0,1
55,94,43,3.4,0,0,0,1
65,32,20,4.4,0,0,0,1
60,20,40,4.7,0,0,0,1
52,20,34,4.5,0,0,0,1
34,59,11,2.9,0,0,0,1
33,97,26,4.2,0,0,0,1
58,68,29,4.1,0,0,0,1
35,66,47,4.4,0,0,0,1
68,85,48,4.7,0,0,0,1
58,32,29,3.1,0,0,0,1
34,44,14,2.7,0,0,0,1
47,95,40,4.6,0,0,0,1
35,85,4,4.4,0,0,0,1
34,44,37,4.6,0,0,0,1
36,30,47,4.9,0,0,0,1
23,21,1,4.0,0,0,0,1
68,22,26,2.9,0,0,0,1
23,70,12,2.6,0,0,0,1
57,29,16,4.6,0,0,0,1
21,83,19,4.9,0,0,0,1
45,99,21,4.3,0,0,0,1
37,35,15,4.3,0,0,0,1
18,40,9,4.6,0,0,0,1
55,25,7,2.6,0,0,0,1
52,64,47,3.1,0,0,0,1
49,90,17,3.1,0,0,0,1
56,88,46,3.1,0,0,0,1
27,55,32,4.4,0,0,0,1
22,90,34,4.3,0,0,0,1
18,50,18,3.1,0,0,0,1
21,34,5,3.1,0,0,0,1
30,77,44,4.9,0,0,0,1
62,89,4,2.9,0,0,0,1
28,87,37,3.8,0,0,0,1
66,77,43,4.2,0,0,0,1
66,85,28,3.9,0,0,0,1
49,66,36,2.8,0,0,0,1
40,32,16,2.6,0,0,0,1
49,92,38,3.0,0,0,0,1
19,80,37,2.7,0,0,0,1
24,78,9,2.8,0,0,0,1
31,24,14,2.9,0,0,0,1
35,59,3,3.8,0,0,0,1
65,41,10,4.4,0,0,0,1
68,26,26,3.1,0,0,0,1
57,52,30,3.7,0,0,0,1
69,46,32,4.9,0,0,0,1
45,52,35,3.8,0,0,0,1
35,42,26,3.4,0,0,0,1
36,37,39,4.6,0,0,0,1
55,52,31,3.2,0,0,0,1
66,34,28,2.7,0,0,0,1
57,88,12,4.3,0,0,0,1
18,88,46,3.8,0,0,0,1
31,51,27,4.4,0,0,0,1
50,97,4,3.6,0,0,0,1
50,56,14,3.5,0,0,0,1
61,53,30,4.2,0,0,0,1
52,71,6,4.7,0,0,0,1
38,93,43,4.8,0,0,0,1
67,72,28,3.2,0,0,0,1
42,59,39,3.5,0,0,0,1
25,87,30,4.2,0,0,0,1
41,78,5,3.4,0,0,0,1
62,68,42,4.7,0,0,0,1
19,76,20,3.0,0,0,0,1
63,99,35,4.0,0,0,0,1
43,52,10,4.6,0,0,0,1
68,58,36,4.9,0,0,0,1
24,59,21,2.8,0,0,0,1
27,71,29,3.2,0,0,0,1
61,94,39,2.8,0,0,0,1
59,40,16,4.2,0,0,0,1
67,24,32,4.8,0,0,0,1
46,38,34,2.8,0,0,0,1
65,37,38,4.5,0,0,0,1
63,29,14,4.1,0,0,0,1
57,92,23,4.3,0,0,0,1
40,24,50,4.4,0,0,0,1
36,52,49,3.0,0,0,0,1
67,29,14,2.7,0,0,0,1
61,30,42,3.3,0,0,0,1
64,31,39,4.3,0,0,0,1
30,67,43,2.9,0,0,0,1
53,65,12,4.9,0,0,0,1
27,22,21,3.6,0,0,0,1
27,56,33,3.3,0,0,0,1
53,78,6,3.1,0,0,0,1
34,90,10,2.7,0,0,0,1
39,85,18,3.4,0,0,0,1
44,58,46,3.4,0,0,0,1
37,34,49,3.9,0,0,0,1
57,40,39,3.5,0,0,0,1
38,29,16,4.1,0,0,0,1
21,76,28,3.2,0,0,0,1
45,84,22,4.6,0,0,0,1
68,65,36,3.9,0,0,0,1
37,80,18,2.7,0,0,0,1
53,98,31,3.0,0,0,0,1
57,71,38,3.3,0,0,0,1
28,69,42,2.7,0,0,0,1
37,95,27,4.6,0,0,0,1
54,67,24,2.7,0,0,0,1
49,49,38,2.5,0,0,0,1
62,97,9,4.4,0,0,0,1
45,34,19,4.0,0,0,0,1
45,74,11,3.8,0,0,0,1
49,96,16,2.5,0,0,0,1
27,68,18,4.0,0,0,0,1
63,84,8,4.1,0,0,0,1
61,57,4,2.8,0,0,0,1
25,84,37,3.4,0,0,0,1
33,32,30,2.7,0,0,0,1
56,37,37,3.8,0,0,0,1
50,58,30,4.4,0,0,0,1
45,74,17,2.8,0,0,0,1
45,99,11,5.0,0,0,0,1
65,81,42,4.7,0,0,0,1
63,76,20,3.2,0,0,0,1
70,98,37,2.9,0,0,0,1
53,91,12,3.7,0,0,0,1
22,79,41,4.2,0,0,0,1
26,83,32,3.4,0,0,0,1
23,90,15,2.9,0,0,0,1
25,20,39,3.7,0,0,0,1
69,21,48,2.7,0,0,0,1
36,60,8,3.2,0,0,0,1
21,31,11,4.9,0,0,0,1
57,40,36,2.8,0,0,0,1
60,26,50,4.7,0,0,0,1
44,98,39,3.3,0,0,0,1
31,51,11,4.3,0,0,0,1
57,95,5,3.7,0,0,0,1
39,36,7,4.5,0,0,0,1
48,52,50,3.4,0,0,0,1
42,35,21,2.7,0,0,0,1
56,68,31,4.4,0,0,0,1
28,50,39,4.0,0,0,0,1
40,100,28,3.2,0,0,0,1
49,74,33,4.2,0,0,0,1
37,45,42,3.0,0,0,0,1
22,97,5,2.8,0,0,0,1
27,60,25,4.9,0,0,0,1
59,25,48,4.7,0,0,0,1
35,55,30,4.4,0,0,0,1
58,99,34,3.1,0,0,0,1
58,45,34,2.6,0,0,0,1
46,20,14,3.9,0,0,0,1
43,88,2,2.6,0,0,0,1
39,99,41,4.0,0,0,0,1
59,86,3,4.9,0,0,0,1
59,70,18,3.3,0,0,0,1
59,50,1,3.0,0,0,0,1
45,57,5,2.7,0,0,0,1
27,69,41,3.1,0,0,0,1
24,94,5,4.8,0,0,0,1
47,24,10,2.9,0,0,0,1
70,79,20,4.5,0,0,0,1
58,31,11,4.6,0,0,0,1
45,67,4,5.0,0,0,0,1
24,63,38,4.3,0,0,0,1
67,61,19,4.9,0,0,0,1
31,50,16,4.0,0,0,0,1
52,82,2,3.1,0,0,0,1
29,51,11,2.6,0,0,0,1
62,23,18,4.9,0,0,0,1
19,91,47,3.5,0,0,0,1
62,60,15,4.5,0,0,0,1
70,34,15,2.8,0,0,0,1
20,23,47,4.2,0,0,0,1
67,82,47,4.1,0,0,0,1
65,73,6,3.5,0,0,0,1
45,32,18,4.0,0,0,0,1
26,80,40,4.0,0,0,0,1
36,58,31,2.5,0,0,0,1
36,82,31,4.2,0,0,0,1
20,60,4,3.4,0,0,0,1
30,79,36,4.8,0,0,0,1
34,41,31,4.9,0,0,0,1
63,39,6,3.6,0,0,0,1
18,36,1,4.0,0,0,0,1
55,70,29,2.6,0,0,0,1
48,47,19,3.1,0,0,0,1
45,27,12,3.6,0,0,0,1
29,52,18,4.0,0,0,0,1
55,75,45,3.9,0,0,0,1
55,30,45,3.9,0,0,0,1
55,94,8,3.3,0,0,0,1
48,68,4,2.9,0,0,0,1
42,45,5,3.1,0,0,0,1
21,67,30,4.7,0,0,0,1
45,46,15,3.9,0,0,0,1
23,31,17,4.3,0,0,0,1
66,44,45,4.2,0,0,0,1
32,100,3,4.3,0,0,0,1
52,92,43,4.6,0,0,0,1
54,78,4,3.8,0,0,0,1
37,32,41,3.3,0,0,0,1
29,97,16,3.7,0,0,0,1
47,95,10,4.3,0,0,0,1
47,64,2,4.1,0,0,0,1
42,35,11,3.2,0,0,0,1
34,54,1,3.8,0,0,0,1
38,96,41,3.2,0,0,0,1
55,58,39,3.5,0,0,0,1
27,23,1,3.1,0,0,0,1
55,35,3,4.2,0,0,0,1
66,23,21,3.4,0,0,0,1
44,94,48,3.5,0,0,0,1
39,45,24,4.0,0,0,0,1
23,23,45,4.4,0,0,0,1
29,94,46,2.9,0,0,0,1
20,99,35,3.6,0,0,0,1
42,36,47,4.4,0,0,0,1
55,50,35,4.5,0,0,0,1
66,81,45,3.8,0,0,0,1
24,31,6,3.6,0,0,0,1
62,48,20,4.3,0,0,0,1
28,91,3,4.0,0,0,0,1
30,99,30,3.4,0,0,0,1
22,70,28,4.4,0,0,0,1
28,74,15,2.8,0,0,0,1
35,79,29,2.8,0,0,0,1
45,33,15,4.9,0,0,0,1
43,49,18,4.2,0,0,0,1
55,96,7,2.9,0,0,0,1
31,66,19,4.6,0,0,0,1
42,45,15,2.8,0,0,0,1
40,28,3,2.6,0,0,0,1
39,48,13,3.5,0,0,0,1
41,67,37,3.5,0,0,0,1
56,59,26,3.4,0,0,0,1
43,74,29,3.9,0,0,0,1
22,81,47,3.3,0,0,0,1
47,26,47,4.1,0,0,0,1
50,61,48,3.0,0,0,0,1
58,23,46,3.0,0,0,0,1
50,33,7,3.2,0,0,0,1
43,58,45,3.9,0,0,0,1
38,65,47,3.6,0,0,0,1
44,48,6,3.1,0,0,0,1
30,25,29,4.8,0,0,0,1
47,51,42,3.8,0,0,0,1
30,31,46,2.8,0,0,0,1
49,99,28,4.0,0,0,0,1
56,25,14,4.6,0,0,0,1
70,52,12,3.5,0,0,0,1
22,47,41,3.7,0,0,0,1
51,98,8,4.9,0,0,0,1
22,46,24,4.1,0,0,0,1
37,32,18,4.6,0,0,0,1
49,75,6,4.5,0,0,0,1
61,51,40,5.0,0,0,0,1
41,52,6,3.8,0,0,0,1
57,66,27,4.7,0,0,0,1
34,35,2,2.8,0,0,0,1
27,43,39,2.6,0,0,0,1
39,24,9,3.8,0,0,0,1
62,83,16,2.8,0,0,0,1
34,62,36,2.6,0,0,0,1
53,78,2,3.4,0,0,0,1
35,61,21,4.5,0,0,0,1
38,57,39,3.8,0,0,0,1
32,70,38,3.0,0,0,0,1
47,57,6,3.7,0,0,0,1
53,74,6,4.4,0,0,0,1
60,90,50,3.1,0,0,0,1
31,98,9,4.2,0,0,0,1
44,43,15,3.1,0,0,0,1
29,37,5,5.0,0,0,0,1
19,38,13,2.7,0,0,0,1
54,60,44,3.8,0,0,0,1
40,55,36,3.3,0,0,0,1
39,51,18,4.8,0,0,0,1
44,71,39,3.4,0,0,0,1
22,61,11,4.4,0,0,0,1
30,65,1,3.9,0,0,0,1
69,34,34,3.9,0,0,0,1
28,87,47,4.2,0,0,0,1
57,79,24,4.0,0,0,0,1
46,46,20,2.6,0,0,0,1
48,72,11,4.4,0,0,0,1
24,93,3,3.2,0,0,0,1
50,76,38,4.3,0,0,0,1
29,56,45,4.9,0,0,0,1
61,83,31,3.8,0,0,0,1
34,90,16,2.5,0,0,0,1
27,94,3,4.9,0,0,0,1
38,68,15,3.0,0,0,0,1
25,53,11,3.2,0,0,0,1
54,35,22,2.9,0,0,0,1
53,30,35,2.8,0,0,0,1
23,26,5,3.1,0,0,0,1
19,60,35,3.4,0,0,0,1
57,30,27,2.9,0,0,0,1
19,91,9,3.2,0,0,0,1
33,71,21,3.8,0,0,0,1
33,64,23,3.6,0,0,0,1
38,54,3,4.3,0,0,0,1
47,35,31,4.8,0,0,0,1
39,38,44,2.5,0,0,0,1
32,69,20,2.5,0,0,0,1
27,96,34,4.6,0,0,0,1
67,73,17,4.2,0,0,0,1
46,49,20,4.2,0,0,0,1
36,44,46,4.8,0,0,0,1
62,93,28,4.5,0,0,0,1
31,72,6,3.3,0,0,0,1
68,91,50,2.7,0,0,0,1
57,83,41,2.8,0,0,0,1
22,62,50,3.5,0,0,0,1
26,71,33,3.0,0,0,0,1
43,93,25,4.5,0,0,0,1
45,63,2,4.3,0,0,0,1
64,96,15,4.1,0,0,0,1
28,78,12,4.3,0,0,0,1
47,24,28,5.0,0,0,0,1
53,63,12,3.8,0,0,0,1
42,58,3,4.9,0,0,0,1
51,55,20,5.0,0,0,0,1
62,58,3,4.3,0,0,0,1
18,28,32,4.1,0,0,0,1
48,37,35,4.5,0,0,0,1
20,78,31,3.6,0,0,0,1
32,73,13,3.0,0,0,0,1
26,20,3,3.7,0,0,0,1
31,60,48,4.3,0,0,0,1
55,71,15,4.6,0,0,0,1
49,89,13,4.7,0,0,0,1
42,53,21,4.6,0,0,0,1
64,87,29,3.0,0,0,0,1
68,37,24,3.4,0,0,0,1
68,37,21,3.8,0,0,0,1
41,78,5,3.1,0,0,0,1
51,23,47,4.4,0,0,0,1
44,73,34,4.5,0,0,0,1
27,27,45,2.8,0,0,0,1
36,59,12,2.7,0,0,0,1
19,53,31,3.4,0,0,0,1
49,42,43,4.6,0,0,0,1
18,45,5,5.0,0,0,0,1
36,89,36,3.5,0,0,0,1
36,85,12,3.3,0,0,0,1
19,69,31,4.5,0,0,0,1
43,66,31,3.1,0,0,0,1
31,42,15,4.0,0,0,0,1
63,40,11,2.5,0,0,0,1
41,82,18,4.4,0,0,0,1
48,88,9,4.4,0,0,0,1
68,99,11,3.2,0,0,0,1
53,85,38,3.8,0,0,0,1
36,57,42,4.6,0,0,0,1
46,56,41,4.9,0,0,0,1
21,79,45,3.5,0,0,0,1
52,67,41,3.4,0,0,0,1
66,61,35,3.9,0,0,0,1
19,37,21,3.9,0,0,0,1
44,75,13,4.2,0,0,0,1
50,21,23,3.4,0,0,0,1
51,89,6,4.9,0,0,0,1
25,24,39,2.9,0,0,0,1
62,27,7,4.9,0,0,0,1
48,26,32,4.6,0,0,0,1
62,82,43,3.6,0,0,0,1
22,28,15,4.3,0,0,0,1
48,65,48,4.6,0,0,0,1
48,82,35,4.7,0,0,0,1
62,38,41,3.5,0,0,0,1
24,33,14,2.8,0,0,0,1
39,38,22,4.0,0,0,0,1
35,48,16,4.3,0,0,0,1
47,35,2,3.8,0,0,0,1
22,29,13,3.0,0,0,0,1
38,48,38,4.6,0,0,0,1
53,87,43,4.8,0,0,0,1
31,62,26,4.7,0,0,0,1
31,96,39,3.9,0,0,0,1
65,41,50,4.0,0,0,0,1
48,42,40,3.7,0,0,0,1
18,57,12,3.7,0,0,0,1
46,65,33,4.2,0,0,0,1
52,54,49,4.7,0,0,0,1
50,22,43,4.3,0,0,0,1
49,96,14,4.9,0,0,0,1
69,81,21,3.9,0,0,0,1
36,46,31,3.4,0,0,0,1
30,74,29,4.2,0,0,0,1
25,50,32,4.7,0,0,0,1
19,80,16,4.0,0,0,0,1
34,56,38,4.0,0,0,0,1
29,69,34,3.1,0,0,0,1
50,97,30,4.2,0,0,0,1
31,66,14,3.7,0,0,0,1
41,70,33,3.1,0,0,0,1
52,50,35,3.7,0,0,0,1
27,85,13,3.2,0,0,0,1
49,59,30,2.8,0,0,0,1
69,74,30,2.9,0,0,0,1
45,38,47,3.5,0,0,0,1
20,99,1,3.8,0,0,0,1
25,97,1,4.7,0,0,0,1
38,67,33,4.5,0,0,0,1
55,20,43,3.9,0,0,0,1
62,45,37,3.4,0,0,0,1
54,52,23,4.6,0,0,0,1
61,68,12,4.6,0,0,0,1
50,98,30,4.7,0,0,0,1
65,83,7,3.2,0,0,0,1
68,51,20,5.0,0,0,0,1
55,21,10,4.5,0,0,0,1
57,92,40,3.5,0,0,0,1
56,63,21,4.5,0,0,0,1
29,56,17,3.2,0,0,0,1
24,95,5,4.6,0,0,0,1
59,66,22,4.0,0,0,0,1
62,28,5,4.2,0,0,0,1
58,83,18,4.1,0,0,0,1
64,55,42,3.6,0,0,0,1
48,28,22,3.7,0,0,0,1
60,79,37,3.6,0,0,0,1
52,31,23,3.8,0,0,0,1
63,37,47,3.0,0,0,0,1
44,34,11,3.4,0,0,0,1
63,74,32,4.8,0,0,0,1
66,31,20,2.6,0,0,0,1
22,66,3,2.9,0,0,0,1
62,99,32,4.9,0,0,0,1
39,55,5,5.0,0,0,0,1
25,23,45,4.6,0,0,0,1
70,88,43,4.2,0,0,0,1
52,26,1,4.9,0,0,0,1
68,94,9,4.8,0,0,0,1
18,25,13,3.0,0,0,0,1
18,96,5,3.5,0,0,0,1
63,29,39,3.4,0,0,0,1
47,36,7,3.4,0,0,0,1
43,90,8,4.9,0,0,0,1
60,38,40,4.4,0,0,0,1
49,52,35,4.2,0,0,0,1
28,88,14,3.1,0,0,0,1
32,56,26,4.0,0,0,0,1
29,71,14,4.8,0,0,0,1
35,94,9,3.3,0,0,0,1
23,97,32,4.7,0,0,0,1
70,27,15,3.2,0,0,0,1
23,28,25,5.0,0,0,0,1
43,67,27,4.9,0,0,0,1
29,70,39,4.9,0,0,0,1
61,95,49,3.7,0,0,0,1
29,24,12,3.0,0,0,0,1
66,35,13,2.6,0,0,0,1
46,22,22,2.6,0,0,0,1
34,66,19,4.8,0,0,0,1
51,83,3,3.2,0,0,0,1
26,95,50,4.9,0,0,0,1
23,41,15,3.4,0,0,0,1
52,77,44,2.7,0,0,0,1
39,52,48,4.8,0,0,0,1
39,41,4,4.1,0,0,0,1
33,28,12,4.6,0,0,0,1
33,90,33,4.4,0,0,0,1
23,55,40,3.5,0,0,0,1
31,73,38,4.8,0,0,0,1
27,87,19,2.9,0,0,0,1
48,89,38,3.2,0,0,0,1
61,82,18,4.4,0,0,0,1
63,80,24,4.6,0,0,0,1
19,87,29,2.6,0,0,0,1
21,41,14,3.1,0,0,0,1
28,83,44,4.3,0,0,0,1
29,71,18,3.1,0,0,0,1
23,76,19,4.6,0,0,0,1
37,34,4,4.6,0,0,0,1
67,81,25,2.7,0,0,0,1
34,47,3,3.0,0,0,0,1
58,36,40,3.3,0,0,0,1
45,51,5,2.7,0,0,0,1
63,86,17,3.3,0,0,0,1
68,41,36,4.3,0,0,0,1
41,90,41,4.8,0,0,0,1
50,93,20,3.3,0,0,0,1
24,56,2,4.3,0,0,0,1
21,39,31,3.0,0,0,0,1
18,86,23,4.8,0,0,0,1
63,82,30,2.9,0,0,0,1
47,29,26,3.6,0,0,0,1
58,27,40,3.5,0,0,0,1
46,25,19,4.7,0,0,0,1
35,31,4,4.4,0,0,0,1
42,23,33,3.3,0,0,0,1
48,47,29,4.3,0,0,0,1
28,67,47,4.0,0,0,0,1
44,75,50,4.9,0,0,0,1
60,82,28,2.9,0,0,0,1
38,32,5,4.0,0,0,0,1
46,41,12,4.3,0,0,0,1
39,89,4,2.7,0,0,0,1
22,82,22,5.0,0,0,0,1
44,99,32,4.4,0,0,0,1
69,98,32,3.5,0,0,0,1
39,54,48,3.3,0,0,0,1
53,88,35,3.8,0,0,0,1
52,43,44,4.5,0,0,0,1
65,73,29,4.8,0,0,0,1
48,50,26,2.9,0,0,0,1
27,73,3,3.2,0,0,0,1
39,51,1,2.8,0,0,0,1
59,22,17,3.3,0,0,0,1
52,32,17,3.3,0,0,0,1
50,38,36,4.2,0,0,0,1
32,66,32,3.6,0,0,0,1
40,20,50,4.6,0,0,0,1
26,44,39,3.6,0,0,0,1
47,31,17,4.0,0,0,0,1
51,45,39,2.7,0,0,0,1
47,71,5,4.4,0,0,0,1
53,96,47,3.2,0,0,0,1
35,32,18,2.6,0,0,0,1
38,90,31,3.4,0,0,0,1
69,68,39,5.0,0,0,0,1
47,45,12,2.9,0,0,0,1
31,67,45,5.0,0,0,0,1
68,57,33,4.4,0,0,0,1
51,60,3,3.5,0,0,0,1
20,32,5,3.8,0,0,0,1
27,29,23,3.8,0,0,0,1
67,20,39,3.9,0,0,0,1
21,98,10,3.3,0,0,0,1
20,27,4,2.9,0,0,0,1
35,67,18,3.7,0,0,0,1
58,82,1,3.7,0,0,0,1
28,72,18,4.6,0,0,0,1
27,77,46,4.9,0,0,0,1
19,74,13,3.1,0,0,0,1
63,39,5,3.5,0,0,0,1
69,80,11,4.9,0,0,0,1
65,59,49,4.4,0,0,0,1
63,68,1,4.4,0,0,0,1
28,77,11,3.4,0,0,0,1
67,50,47,3.0,0,0,0,1
51,45,20,2.6,0,0,0,1
59,71,18,3.2,0,0,0,1
25,52,43,4.6,0,0,0,1
31,50,4,3.8,0,0,0,1
62,66,20,4.8,0,0,0,1
51,81,7,4.5,0,0,0,1
32,28,31,4.2,0,0,0,1
35,65,41,2.7,0,0,0,1
70,80,3,4.5,0,0,0,1
19,94,16,4.9,0,0,0,1
32,30,43,2.8,0,0,0,1
56,45,29,3.5,0,0,0,1
53,91,5,2.5,0,0,0,1
22,36,30,2.9,0,0,0,1
26,73,33,4.2,0,0,0,1
42,60,46,4.6,0,0,0,1
30,77,17,3.0,0,0,0,1
29,86,47,4.4,0,0,0,1
47,42,17,2.6,0,0,0,1
59,70,17,4.8,0,0,0,1
34,44,28,2.9,0,0,0,1
52,91,8,3.0,0,0,0,1
47,30,8,4.5,0,0,0,1
24,23,4,3.7,0,0,0,1
63,21,24,4.8,0,0,0,1
59,34,29,4.8,0,0,0,1
66,46,10,4.7,0,0,0,1
45,41,11,2.6,0,0,0,1
38,33,18,4.6,0,0,0,1
63,48,26,3.4,0,0,0,1
55,66,39,3.0,0,0,0,1
25,54,4,4.0,0,0,0,1
51,55,24,2.6,0,0,0,1
28,84,2,3.4,0,0,0,1
46,66,36,4.5,0,0,0,1
58,65,36,2.7,0,0,0,1
30,83,23,2.9,0,0,0,1
68,61,36,4.0,0,0,0,1
28,65,2,3.2,0,0,0,1
26,55,17,4.0,0,0,0,1
35,79,19,3.4,0,0,0,1
40,96,41,4.9,0,0,0,1
31,43,27,3.6,0,0,0,1
60,40,32,3.6,0,0,0,1
69,62,33,3.2,0,0,0,1
51,72,24,3.7,0,0,0,1
49,87,31,2.6,0,0,0,1
18,31,35,3.9,0,0,0,1
63,34,2,3.4,0,0,0,1
57,53,42,3.4,0,0,0,1
45,85,47,4.2,0,0,0,1
36,50,44,2.9,0,0,0,1
20,91,8,4.1,0,0,0,1
21,56,13,3.6,0,0,0,1
62,60,10,4.0,0,0,0,1
23,34,1,4.0,0,0,0,1
26,30,1,3.6,0,0,0,1
30,71,18,3.1,0,0,0,1
18,100,2,4.4,0,0,0,1
47,85,36,4.3,0,0,0,1
41,83,17,3.5,0,0,0,1
62,31,1,3.0,0,0,0,1
28,82,50,4.7,0,0,0,1
46,79,3,2.5,0,0,0,1
54,62,45,3.1,0,0,0,1
36,92,28,3.3,0,0,0,1
25,58,6,4.7,0,0,0,1
38,88,33,3.4,0,0,0,1
38,44,29,3.1,0,0,0,1
42,56,2,4.6,0,0,0,1
19,23,43,4.9,0,0,0,1
34,45,48,2.7,0,0,0,1
38,31,43,4.2,0,0,0,1
42,96,26,2.6,0,0,0,1
58,96,26,3.2,0,0,0,1
56,80,50,4.4,0,0,0,1
62,28,36,3.6,0,0,0,1
24,51,26,2.7,0,0,0,1
60,41,2,4.3,0,0,0,1
53,99,49,2.6,0,0,0,1
26,53,32,4.3,0,0,0,1
34,25,3,3.9,0,0,0,1
24,95,38,2.9,0,0,0,1
42,88,5,3.1,0,0,0,1
36,97,8,4.2,0,0,0,1
24,81,43,4.1,0,0,0,1
39,26,22,4.2,0,0,0,1
46,41,10,4.4,0,0,0,1
64,93,26,3.4,0,0,0,1
64,69,42,4.8,0,0,0,1
61,44,33,4.5,0,0,0,1
61,54,23,2.7,0,0,0,1
44,61,30,3.5,0,0,0,1
65,80,36,3.1,0,0,0,1
60,30,3,2.8,0,0,0,1
65,94,13,2.9,0,0,0,1
27,24,38,4.5,0,0,0,1
36,21,19,3.5,0,0,0,1
22,52,14,4.3,0,0,0,1
62,59,43,4.9,0,0,0,1
59,51,10,3.1,0,0,0,1
50,35,34,4.0,0,0,0,1
51,87,31,3.6,0,0,0,1
23,42,34,4.0,0,0,0,1
21,86,28,2.6,0,0,0,1
44,26,35,3.1,0,0,0,1
25,60,41,3.5,0,0,0,1
57,83,48,3.9,0,0,0,1
41,63,45,2.7,0,0,0,1
19,25,10,4.1,0,0,0,1
43,65,9,4.3,0,0,0,1
25,60,30,2.9,0,0,0,1
60,75,45,4.0,0,0,0,1
54,57,41,4.1,0,0,0,1
52,99,40,3.7,0,0,0,1
40,45,42,2.8,0,0,0,1
39,66,17,3.2,0,0,0,1
54,53,4,4.5,0,0,0,1
64,94,6,3.8,0,0,0,1
31,47,22,3.6,0,0,0,1
37,80,46,3.6,0,0,0,1
43,65,27,3.2,0,0,0,1
56,75,18,3.8,0,0,0,1
27,45,31,4.4,0,0,0,1
40,51,1,3.7,0,0,0,1
43,58,2,2.6,0,0,0,1
62,20,46,4.0,0,0,0,1
44,82,27,3.6,0,0,0,1
45,92,3,2.5,0,0,0,1
40,81,47,3.2,0,0,0,1
68,44,20,2.5,0,0,0,1
63,72,23,3.2,0,0,0,1
60,26,13,2.6,0,0,0,1
19,26,12,4.8,0,0,0,1
26,84,36,5.0,0,0,0,1
70,72,1,3.2,0,0,0,1
48,55,14,3.6,0,0,0,1
37,77,45,2.7,0,0,0,1
48,57,31,3.1,0,0,0,1
18,71,41,3.0,0,0,0,1
38,39,36,2.9,0,0,0,1
33,28,6,4.7,0,0,0,1
57,33,28,3.7,0,0,0,1
46,79,29,3.9,0,0,0,1
46,30,14,4.0,0,0,0,1
50,75,7,2.8,0,0,0,1
61,89,31,4.1,0,0,0,1
45,95,26,4.2,0,0,0,1
32,44,12,4.3,0,0,0,1
29,86,45,4.3,0,0,0,1
66,91,40,2.6,0,0,0,1
70,41,42,3.8,0,0,0,1
36,99,45,2.9,0,0,0,1
34,65,34,5.0,0,0,0,1
20,48,34,4.6,0,0,0,1
70,41,17,3.2,0,0,0,1
50,42,27,3.0,0,0,0,1
54,26,31,4.0,0,0,0,1
49,35,47,4.1,0,0,0,1
50,31,25,4.0,0,0,0,1
62,73,47,4.1,0,0,0,1
42,82,8,3.4,0,0,0,1
69,32,32,2.9,0,0,0,1
22,27,33,3.0,0,0,0,1
36,86,16,4.0,0,0,0,1
64,38,27,4.8,0,0,0,1
44,93,17,4.6,0,0,0,1
43,59,17,4.1,0,0,0,1
58,58,28,2.6,0,0,0,1
62,84,38,2.5,0,0,0,1
45,100,33,4.8,0,0,0,1
47,25,24,4.2,0,0,0,1
66,29,14,3.9,0,0,0,1
30,42,5,3.7,0,0,0,1
68,57,8,4.2,0,0,0,1
35,84,42,4.2,0,0,0,1
64,71,48,4.0,0,0,0,1
30,87,40,5.0,0,0,0,1
58,52,46,4.9,0,0,0,1
57,58,40,4.0,0,0,0,1
60,34,31,3.2,0,0,0,1
22,60,39,3.0,0,0,0,1
46,68,36,2.6,0,0,0,1
27,74,25,4.4,0,0,0,1
50,83,24,3.9,0,0,0,1
65,79,19,4.0,0,0,0,1
61,76,49,4.0,0,0,0,1
57,20,4,4.2,0,0,0,1
40,61,36,4.4,0,0,0,1
39,78,8,2.5,0,0,0,1
42,21,29,3.1,0,0,0,1
30,77,26,3.5,0,0,0,1
65,88,47,3.0,0,0,0,1
57,64,44,4.4,0,0,0,1
64,57,49,4.9,0,0,0,1
56,49,9,2.8,0,0,0,1
40,35,28,3.3,0,0,0,1
55,99,1,4.9,0,0,0,1
25,42,28,4.2,0,0,0,1
58,32,33,3.3,0,0,0,1
46,21,28,2.7,0,0,0,1
18,29,9,3.3,0,0,0,1
26,64,28,3.8,0,0,0,1
61,46,19,3.2,0,0,0,1
55,97,20,4.1,0,0,0,1
41,94,3,4.3,0,0,0,1
42,43,22,4.0,0,0,0,1
70,54,33,3.9,0,0,0,1
63,51,21,3.3,0,0,0,1
60,85,7,2.6,0,0,0,1
28,96,46,4.2,0,0,0,1
60,42,24,3.4,0,0,0,1
26,63,6,4.1,0,0,0,1
42,20,40,3.9,0,0,0,1
56,25,17,2.8,0,0,0,1
35,95,24,2.6,0,0,0,1
34,38,22,4.0,0,0,0,1
47,29,3,4.9,0,0,0,1
49,64,39,3.2,0,0,0,1
37,92,40,3.9,0,0,0,1
40,34,1,2.7,0,0,0,1
45,69,14,3.4,0,0,0,1
57,65,49,3.5,0,0,0,1
35,81,33,2.6,0,0,0,1
36,30,6,4.7,0,0,0,1
35,86,5,3.5,0,0,0,1
21,64,29,3.3,0,0,0,1
66,78,44,3.9,0,0,0,1
40,28,32,4.2,0,0,0,1
52,49,41,4.5,0,0,0,1
46,33,24,2.9,0,0,0,1
44,77,24,3.8,0,0,0,1
52,81,33,3.1,0,0,0,1
